10719459,1080p,https://qiniu-video0.xpccdn.com/5cbed017283f7.mp4
10719459,720p,https://qiniu-video0.xpccdn.com/5cbed01768367.mp4
10719459,360p,https://qiniu-video0.xpccdn.com/5cbed017b3088.mp4
93207,1080p,https://us-xpc5.xpccdn.com/5b332f3b2ee59.mp4
93207,720p,https://us-xpc5.xpccdn.com/5b332f3c19700.mp4
93207,360p,https://us-xpc5.xpccdn.com/5b332f3d756a3.mp4
11548016,4k,https://us-xpc5.xpccdn.com/08e59766-51ea-4ee2-806d-30647f401cfc.mp4
11548016,1080p,https://us-xpc5.xpccdn.com/6b7a1950-658b-4867-a41f-8f382190a781.mp4
11548016,720p,https://us-xpc5.xpccdn.com/cfbfa13c-f027-43ab-aa43-41b508502afb.mp4
11548016,360p,https://us-xpc5.xpccdn.com/4da8b0ce-7298-4d2c-bd9e-dd79df271650.mp4
10558821,1080p,https://us-xpc5.xpccdn.com/5d9de423988dd.mp4
10558821,720p,https://us-xpc5.xpccdn.com/5d9de423a60ba.mp4
10558821,360p,https://us-xpc5.xpccdn.com/5d9de423c93d7.mp4
10855668,1080p,https://us-xpc5.xpccdn.com/5f180b522c163.mp4
10855668,720p,https://us-xpc5.xpccdn.com/5f180b5273409.mp4
10855668,360p,https://us-xpc5.xpccdn.com/5f180b52aa12c.mp4
12056243,1080p,https://us-xpc11.xpccdn.com/2c701bf3-f5f5-4112-8437-e958358b054b.mp4
12056243,720p,https://us-xpc11.xpccdn.com/90a52b0e-dcb9-40d3-9018-5b8c69f4548e.mp4
12056243,360p,https://us-xpc11.xpccdn.com/b58f58f4-a769-4e9f-9267-6b287fdbbeed.mp4
10192960,1080p,https://us-xpc5.xpccdn.com/5b332b233e8bb.mp4
10192960,720p,https://us-xpc5.xpccdn.com/5b332b23697c8.mp4
10192960,360p,https://us-xpc5.xpccdn.com/5b332b2399aa9.mp4
10443311,1080p,https://tencent-xpc5.xpccdn.com/5ce6b87eebcc0.mp4
10443311,720p,https://tencent-xpc5.xpccdn.com/5ce6b87f0df9b.mp4
10443311,360p,https://tencent-xpc5.xpccdn.com/5ce6b87f3ab7e.mp4
11096161,1080p,https://us-xpc11.xpccdn.com/3e6bed4a-6bcc-4a5f-b73c-d25cb3553be9.mp4
11096161,720p,https://us-xpc11.xpccdn.com/f014d15e-5565-4270-ab11-5586d98d1c4f.mp4
11096161,360p,https://us-xpc11.xpccdn.com/5b955bf9-4656-46de-8a90-5ec4f9969533.mp4
10423040,1080p,https://us-xpc11.xpccdn.com/5cc1bc7335c93.mp4
10423040,720p,https://us-xpc11.xpccdn.com/5cc1bc735f9c0.mp4
10423040,360p,https://us-xpc11.xpccdn.com/5cc1bc73b3677.mp4
10594280,1080p,https://tencent-xpc5.xpccdn.com/5dcfdaaee655d.mp4
10594280,720p,https://tencent-xpc5.xpccdn.com/5dcfdaaf03813.mp4
10594280,360p,https://tencent-xpc5.xpccdn.com/5dcfdaaf3efee.mp4
10818243,1080p,https://us-xpc11.xpccdn.com/5eedc3e3e0f14.mp4
10818243,720p,https://us-xpc11.xpccdn.com/5eedc3e406d38.mp4
10818243,360p,https://us-xpc11.xpccdn.com/5eedc3e4450b1.mp4
10922400,1080p,https://us-xpc5.xpccdn.com/9120263d-1688-48bc-8629-e7f023203a62.mp4
10922400,720p,https://us-xpc5.xpccdn.com/edb8f177-b499-406f-9969-515ab5cb10c7.mp4
10922400,360p,https://us-xpc5.xpccdn.com/c1feec9c-4638-4f37-82c5-ec5d5505358d.mp4
10848980,1080p,https://us-xpc5.xpccdn.com/5f0d793ad4f9c.mp4
10848980,720p,https://us-xpc5.xpccdn.com/5f0d793aed48a.mp4
10848980,360p,https://us-xpc5.xpccdn.com/5f0d793b19ab0.mp4
11899613,4k,https://us-xpc11.xpccdn.com/689aa6b0-2b67-45c7-89fc-6abb5b1da67c.mp4
11899613,1080p,https://us-xpc11.xpccdn.com/5abc022d-a218-4a92-900a-2b94e87b9ee1.mp4
11899613,720p,https://us-xpc11.xpccdn.com/8ac7eff3-f31d-44b1-bcf9-ad64594697cc.mp4
11899613,360p,https://us-xpc11.xpccdn.com/22629aed-1d8f-49d4-a33c-6ee2b5688852.mp4
10660032,1080p,https://us-xpc5.xpccdn.com/5e26d66a7d0ff.mp4
10660032,720p,https://us-xpc5.xpccdn.com/5e26d66a9050d.mp4
10660032,360p,https://us-xpc5.xpccdn.com/5e26d66abcf61.mp4
11541956,1080p,https://us-xpc5.xpccdn.com/7fded980-3900-4296-b0a3-550304ed1342.mp4
11541956,720p,https://us-xpc5.xpccdn.com/f43d40de-013a-43d1-a626-7983d32ff609.mp4
11541956,360p,https://us-xpc5.xpccdn.com/c298bf94-a6d3-4e83-b8eb-dd9192d421e6.mp4
10499406,1080p,https://qiniu-video0.xpccdn.com/5ac9b942b71c5.mp4
10499406,720p,https://qiniu-video0.xpccdn.com/5ac9b942cf396.mp4
10499406,360p,https://qiniu-video0.xpccdn.com/5ac9b9434bd6f.mp4
12134000,4k,https://us-xpc5.xpccdn.com/83d6a020-d1f4-41b4-b81c-469129aa6c96.mp4
12134000,1080p,https://us-xpc5.xpccdn.com/6fa6805d-27bd-46e5-a546-748d2cd1c5ec.mp4
12134000,720p,https://us-xpc5.xpccdn.com/e83f1b8d-bc94-4620-880d-cf825b164460.mp4
12134000,360p,https://us-xpc5.xpccdn.com/6a816008-5c82-41e2-8e92-1248ebab6b22.mp4
12110023,4k,https://us-xpc5.xpccdn.com/71ab1979-e7c1-4966-bf77-551d4a2ac13f.mp4
12110023,1080p,https://us-xpc5.xpccdn.com/60760592-c3cb-47c5-bcc5-14703ea9a940.mp4
12110023,720p,https://us-xpc5.xpccdn.com/9b06dcff-3119-4f0f-bd7c-dacb2937d6e0.mp4
12110023,360p,https://us-xpc5.xpccdn.com/e4ce3702-ee52-4f10-9270-0c2e30d2e0fa.mp4
10472993,1080p,https://tencent-xpc5.xpccdn.com/5d15ab3ee72c8.mp4
10472993,720p,https://tencent-xpc5.xpccdn.com/5d15ab3f18e60.mp4
10472993,360p,https://tencent-xpc5.xpccdn.com/5d15ab3f4a885.mp4
116152,1080p,https://tencent-xpc5.xpccdn.com/5a5c80ccb73c3.mp4
116152,720p,https://tencent-xpc5.xpccdn.com/5a5c80ccc8260.mp4
116152,360p,https://tencent-xpc5.xpccdn.com/5a5c80cce5d25.mp4
12009230,1080p,https://us-xpc5.xpccdn.com/e6eb2c73-4be1-4ee5-8a86-bd47530e4c69.mp4
12009230,720p,https://us-xpc5.xpccdn.com/0fff7549-638e-4ae6-af06-308df3a54a46.mp4
12009230,360p,https://us-xpc5.xpccdn.com/a7fdddcb-4def-4f72-b8a8-9b8727f846bd.mp4
12288981,720p,https://us-xpc5.xpccdn.com/d424b3dd-4e83-4af6-8668-23e619302e77.mp4
12288981,360p,https://us-xpc5.xpccdn.com/876e518a-43b9-467f-aaed-321d854694c2.mp4
11843923,720p,https://us-xpc5.xpccdn.com/1ec557bd-bf95-48e6-a0b3-2639fc694cea.mp4
12512923,1080p,https://us-xpc5.xpccdn.com/e5e66fde-f4ed-4505-bd42-ba15b46348cc/ed68c996-b5d7-4cf4-a31d-e2f6d4784ccf.mp4
12512923,720p,https://us-xpc5.xpccdn.com/e5e66fde-f4ed-4505-bd42-ba15b46348cc/6c6dd0e1-bb3e-4fd3-8525-e7a77deac2dc.mp4
12512923,360p,https://us-xpc5.xpccdn.com/e5e66fde-f4ed-4505-bd42-ba15b46348cc/66313d1c-f942-449c-b6ff-8ca5c0f5c582.mp4
12518458,1080p,https://us-xpc5.xpccdn.com/b403e7e2-543e-4d0d-be4b-7b1074a06e82/de533324-17c3-4b0b-b0e1-f29a3522930b.mp4
12518458,720p,https://us-xpc5.xpccdn.com/b403e7e2-543e-4d0d-be4b-7b1074a06e82/ab98e8fe-fce6-4a9a-8d82-10b871fcaa4e.mp4
12518458,360p,https://us-xpc5.xpccdn.com/b403e7e2-543e-4d0d-be4b-7b1074a06e82/3c00bb2d-35a4-4cec-be22-e32e62e4ba4a.mp4
12434375,4k,https://us-xpc5.xpccdn.com/d34006d6-634f-49b4-8989-7ca8a635594b.mp4
12434375,1080p,https://us-xpc5.xpccdn.com/f9194670-ec6c-458b-b297-cb57e4c02996.mp4
12434375,720p,https://us-xpc5.xpccdn.com/c0e726ca-e864-47ef-b2cb-81d34cd3475a.mp4
12434375,360p,https://us-xpc5.xpccdn.com/ba32926f-ef07-41b2-96b8-54c5445454ec.mp4
11261892,1080p,https://us-xpc5.xpccdn.com/5d70342a-6c2a-4969-9ded-9a63ae4b1758.mp4
11261892,720p,https://us-xpc5.xpccdn.com/d29cc0d2-3071-4cf6-a851-6192050dce6b.mp4
11261892,360p,https://us-xpc5.xpccdn.com/4a653e5d-049c-495b-98f1-d6f5395e5acf.mp4
12193260,4k,https://us-xpc11.xpccdn.com/61cbdb6a-7706-4887-a76a-8ce8123d11d9.mp4
12193260,1080p,https://us-xpc11.xpccdn.com/4a01a9f0-5f23-4a9b-9b9d-e4b0bab503cc.mp4
12193260,720p,https://us-xpc11.xpccdn.com/dccbfe3a-b6ec-4fab-a590-69dec2709c8a.mp4
12193260,360p,https://us-xpc11.xpccdn.com/6eae8cff-b51f-4c6c-b468-c06f702ea496.mp4
11690495,1080p,https://us-xpc11.xpccdn.com/8b309737-ae3d-49d4-aa19-5a7b2ad62f5f.mp4
11690495,720p,https://us-xpc11.xpccdn.com/f5397722-c6d0-4689-8628-723f0d79763d.mp4
11690495,360p,https://us-xpc11.xpccdn.com/93a469bb-cb09-4f16-a65a-ee0b91c4094e.mp4
12435383,1080p,https://us-xpc5.xpccdn.com/93e5a997-2433-4903-96fe-6d779893a85d.mp4
12435383,720p,https://us-xpc5.xpccdn.com/30994c39-7ba3-48c4-82bd-4de8abec56c1.mp4
12435383,360p,https://us-xpc5.xpccdn.com/3f00615b-d148-4c4e-9fbb-a5ba39901ee5.mp4
12107964,1080p,https://us-xpc11.xpccdn.com/f7eaf962-2a3f-4a77-9b97-1726fc4485bc.mp4
12107964,720p,https://us-xpc11.xpccdn.com/d776fcd8-b5ad-43f0-9683-95da64aa5743.mp4
12107964,360p,https://us-xpc11.xpccdn.com/7fc08df9-3728-4550-949e-628623a45609.mp4
11074380,1080p,https://us-xpc5.xpccdn.com/c8e4e867-002b-4459-bf88-eb9d8bdb8a12.mp4
11074380,720p,https://us-xpc5.xpccdn.com/ad16ef45-2581-4e34-9fef-7f847b1f398d.mp4
11074380,360p,https://us-xpc5.xpccdn.com/9abcde0c-96b3-4ba2-bfc8-19b82b39026e.mp4
12396433,1080p,https://us-xpc11.xpccdn.com/23501d19-cbe6-493c-848f-ce93fb104b85.mp4
12396433,720p,https://us-xpc11.xpccdn.com/5b9281d9-fca6-4c07-a572-9bd9a10f58d5.mp4
12414444,1080p60,https://us-xpc5.xpccdn.com/83efe085-3dad-4ba7-a0ee-c334e08c6d51.mp4
12414444,720p,https://us-xpc5.xpccdn.com/41d11a98-e054-45ca-9bd5-a552d3c8fd14.mp4
12414444,360p,https://us-xpc5.xpccdn.com/a66d77e1-05b3-456f-aacc-42e623f248ec.mp4
10713681,360p,https://qiniu-v0.xpccdn.com/5977d97fec96b.mp4
12323556,4k,https://us-xpc5.xpccdn.com/22e519be-ed8a-49c0-b1d7-836f4cc3949b.mp4
12323556,1080p,https://us-xpc5.xpccdn.com/8ef750b2-ba4f-44ea-9473-ede38047a710.mp4
12323556,720p,https://us-xpc5.xpccdn.com/c6a2f5db-6acd-4f28-ab3d-2e9dc8e58881.mp4
12323556,360p,https://us-xpc5.xpccdn.com/233a3bea-6829-489d-9fb2-f9e2c9c42606.mp4
12420955,4k,https://us-xpc5.xpccdn.com/1caa4dd0-52bc-4d86-a214-8892dd3e66d2.mp4
12420955,1080p,https://us-xpc5.xpccdn.com/cbebcda0-65bf-454d-bbe5-3b43b2325855.mp4
12420955,720p,https://us-xpc5.xpccdn.com/92ec5376-b78b-487b-b5e3-a07a6739f7e1.mp4
12310266,1080p,https://us-xpc5.xpccdn.com/e77b359a-ad6f-4d9e-b515-4919df585df3.mp4
12310266,720p,https://us-xpc5.xpccdn.com/e912af74-31fe-4ed7-b468-f07fdf23bee4.mp4
12310266,360p,https://us-xpc5.xpccdn.com/635cd984-48c0-4de8-a672-cb285db5cc4b.mp4
10712652,360p,https://qiniu-v0.xpccdn.com/597783b3e1d36.mp4
12493277,4k,https://us-xpc11.xpccdn.com/b27e2aff-53b2-4519-a2f0-69c6dd387211.mp4
12493277,1080p,https://us-xpc11.xpccdn.com/bea7da58-c947-4004-84a3-873e2d77c6cd.mp4
12493277,720p,https://us-xpc11.xpccdn.com/8c7c3c9a-5602-4e49-9a9e-2550ffc11a55.mp4
12493277,360p,https://us-xpc11.xpccdn.com/33d9311c-5cb5-4ed4-8284-013869eabe1b.mp4
10903035,2k,https://us-xpc11.xpccdn.com/a6a109e8-2ab6-4030-9c5a-ad3004e569c0.mp4
10903035,1080p,https://us-xpc11.xpccdn.com/2666ad96-ecb3-4da5-a65b-b6af24e384f4.mp4
10903035,720p,https://us-xpc11.xpccdn.com/dc2bbed5-225a-4322-acd2-9eea14bdabac.mp4
10903035,360p,https://us-xpc11.xpccdn.com/68db1a49-ea27-4a35-8de6-f33589b947da.mp4
11883191,1080p,https://us-xpc5.xpccdn.com/cc4c2571-d80a-4a95-a544-f80599066068.mp4
11883191,720p,https://us-xpc5.xpccdn.com/6179f8a8-6fce-4921-bfb2-47218bed7161.mp4
11883191,360p,https://us-xpc5.xpccdn.com/4f6b264b-01c8-41e9-8bd6-508cb2c60379.mp4
12511008,4k,https://us-xpc5.xpccdn.com/542722fe-fd7c-48bd-a5e3-09b7f3a48eb6/0f4ce42b-6069-4d67-8fa5-45fe829b4fbd.mp4
12511008,1080p,https://us-xpc5.xpccdn.com/542722fe-fd7c-48bd-a5e3-09b7f3a48eb6/532ccf20-0b14-457c-adfe-c879a61b0f08.mp4
12511008,720p,https://us-xpc5.xpccdn.com/542722fe-fd7c-48bd-a5e3-09b7f3a48eb6/a99df12b-5396-4cdd-b20f-f40ebb2466c1.mp4
12511008,360p,https://us-xpc5.xpccdn.com/542722fe-fd7c-48bd-a5e3-09b7f3a48eb6/3a016505-aca5-4d96-b26e-728e068c5d38.mp4
10719466,1080p,https://qiniu-video0.xpccdn.com/5cbfe8e24cbae.mp4
10719466,720p,https://qiniu-video0.xpccdn.com/5cbfe8e27cae0.mp4
10719466,360p,https://qiniu-video0.xpccdn.com/5cbfe8e2b9a39.mp4
12257169,1080p,https://us-xpc5.xpccdn.com/359ba509-56df-41dc-85f7-a553fa370dcb.mp4
12257169,720p,https://us-xpc5.xpccdn.com/b3304455-6437-449b-ad39-63a17e020d78.mp4
12257169,360p,https://us-xpc5.xpccdn.com/55128ce7-0c9f-4248-bad7-f43dd6dc8d32.mp4
11176941,4k,https://us-xpc5.xpccdn.com/12d1bc11-e88f-4d5d-bda6-f15111a25788.mp4
11176941,1080p,https://us-xpc5.xpccdn.com/8a14f9d7-0518-487c-ad1f-6468d8ad26a8.mp4
11176941,720p,https://us-xpc5.xpccdn.com/84fb64d2-6463-4d55-80e1-f48e406228aa.mp4
11176941,360p,https://us-xpc5.xpccdn.com/7e809de4-011d-4e71-a151-2ceeac97c07d.mp4
12324757,1080p,https://us-xpc5.xpccdn.com/0968ff50-c4ef-4ed0-be00-b4ad4065d89f.mp4
12324757,720p,https://us-xpc5.xpccdn.com/e7583e6b-da92-400e-bdf7-e0f26e739d99.mp4
10994269,1080p,https://us-xpc5.xpccdn.com/36f71bba-7ec8-480b-9843-94a7295384d6.mp4
10994269,720p,https://us-xpc5.xpccdn.com/54d90e76-04cc-42cf-8e89-206dc0851129.mp4
10994269,360p,https://us-xpc5.xpccdn.com/5b775ac7-95fe-42ea-8c24-63ef906d0ace.mp4
12331940,4k,https://us-xpc11.xpccdn.com/79835caa-25c9-47ae-bf33-769cfbedb8f7.mp4
12331940,1080p,https://us-xpc11.xpccdn.com/76e4d772-9d1b-441d-b9f0-c3dcaea2f2d0.mp4
12331940,720p,https://us-xpc11.xpccdn.com/f79736d9-aaf0-41fa-995d-034327b7274e.mp4
12331940,360p,https://us-xpc11.xpccdn.com/d119841e-86f4-4753-a613-f220daac478e.mp4
11745293,4k,https://us-xpc5.xpccdn.com/92d4ac37-9f9c-40cf-a8e1-b7d4b95c3c9c.mp4
11745293,1080p,https://us-xpc5.xpccdn.com/d68c056b-8271-4de8-990f-0082bab3f21a.mp4
11745293,720p,https://us-xpc5.xpccdn.com/65337aaa-e489-42b7-996f-20eb401598df.mp4
11745293,360p,https://us-xpc5.xpccdn.com/8fe555b9-8d6f-4f85-8648-6d7816480b85.mp4
12580444,2k,https://us-xpc5.xpccdn.com/8b04cc4e-ed22-4e6b-b2ea-0dcb608e57aa/29b11000-1ad1-4549-9c23-16b6382073a9.mp4
12580444,1080p,https://us-xpc5.xpccdn.com/8b04cc4e-ed22-4e6b-b2ea-0dcb608e57aa/683926d6-0ab4-4f9d-9046-d49df0f23d2b.mp4
12580444,720p,https://us-xpc5.xpccdn.com/8b04cc4e-ed22-4e6b-b2ea-0dcb608e57aa/2277d2a8-c049-491a-982d-21d9caea135c.mp4
12580444,360p,https://us-xpc5.xpccdn.com/8b04cc4e-ed22-4e6b-b2ea-0dcb608e57aa/c8ab761a-1303-4e05-ae8a-e8526acfac0a.mp4
12342605,1080p,https://us-xpc5.xpccdn.com/13c08aa7-1caf-4a89-852e-2834082df1bf.mp4
12342605,720p,https://us-xpc5.xpccdn.com/fd8f2b40-fdc1-4071-85d0-8d24f39e6e59.mp4
12342605,360p,https://us-xpc5.xpccdn.com/c04f79e9-6c3b-4916-936a-ad70e4baa333.mp4
10711929,1080p,https://qiniu-v0.xpccdn.com/5976b51ee0f62.mp4
10711929,720p,https://qiniu-v0.xpccdn.com/5976b5202c510.mp4
10711929,360p,https://qiniu-v0.xpccdn.com/5976b5236ee06.mp4
12446771,1080p,https://us-xpc5.xpccdn.com/91e61460-4665-40a0-b90a-ae6c843628ce/83e8883a-5e5a-462d-9ae8-40128081be2d.mp4
12446771,720p,https://us-xpc5.xpccdn.com/91e61460-4665-40a0-b90a-ae6c843628ce/48809d7a-7339-4efe-80c6-7520d0948d25.mp4
12446771,360p,https://us-xpc5.xpccdn.com/91e61460-4665-40a0-b90a-ae6c843628ce/d8cd60dc-b486-4fad-a459-7eef7e579853.mp4
10719854,720p,https://qiniu-video0.xpccdn.com/5d7db4e9e5324.mp4
10719854,360p,https://qiniu-video0.xpccdn.com/5d7db4ea34bf1.mp4
10900728,1080p,https://us-xpc5.xpccdn.com/2ae260c6-da98-4972-862f-b354ae5de57b.mp4
10900728,720p,https://us-xpc5.xpccdn.com/2813fc30-567d-49b1-84a5-10f90991cbef.mp4
10900728,360p,https://us-xpc5.xpccdn.com/b050ab73-9d43-4f97-9965-3ef9e63e52e7.mp4
11971291,720p,https://us-xpc5.xpccdn.com/ce423bdb-2c0f-491f-b504-c99d1a4a94a2.mp4
11971291,360p,https://us-xpc5.xpccdn.com/f88dd900-46e7-4061-af9b-443d0e118041.mp4
12559203,1080p,https://us-xpc5.xpccdn.com/2de41616-f6a6-4cd2-8075-515117bdec07/311fa20c-b0f2-4fdb-bbf8-ce4feb71975c.mp4
12559203,720p,https://us-xpc5.xpccdn.com/2de41616-f6a6-4cd2-8075-515117bdec07/f4fd5778-a1d6-44cd-b924-9bff86065398.mp4
12559203,360p,https://us-xpc5.xpccdn.com/2de41616-f6a6-4cd2-8075-515117bdec07/cdcbdd84-fdcb-499a-b167-a500315db9a3.mp4
12304461,1080p,https://us-xpc5.xpccdn.com/50194a79-5a80-4e00-b1ae-95ad29dc9f2f.mp4
12304461,720p,https://us-xpc5.xpccdn.com/9d1ebc8f-4359-4932-8bf2-677dc7644a63.mp4
12304461,360p,https://us-xpc5.xpccdn.com/5beff2b8-2b8c-4511-b94f-2cfda374859b.mp4
11828614,1080p,https://us-xpc5.xpccdn.com/98535c5a-b2ea-48b6-a745-6d5c9773cc71.mp4
11828614,720p,https://us-xpc5.xpccdn.com/140bb1ba-e358-4079-aa44-2e2e70c71a96.mp4
11828614,360p,https://us-xpc5.xpccdn.com/cd825b28-fbfd-4156-89a0-d4e04b1eb6b5.mp4
12323956,1080p,https://us-xpc5.xpccdn.com/281d3a6d-2ac1-46a2-bac7-b8b167fecec0.mp4
12323956,720p,https://us-xpc5.xpccdn.com/46b9f067-8f5a-4a42-85d9-ac48be79721a.mp4
12323956,360p,https://us-xpc5.xpccdn.com/696ec674-db9e-42c9-8fb1-76646cdf1060.mp4
11458664,1080p,https://us-xpc5.xpccdn.com/9327f6bd-154c-4b2b-9770-3f6698da82f4.mp4
11458664,720p,https://us-xpc5.xpccdn.com/a1fe9b7f-e4cc-4a43-a52e-4d86aaf97397.mp4
11458664,360p,https://us-xpc5.xpccdn.com/dfa132fa-4bd4-4daf-9223-653413aac9c7.mp4
12254833,4k,https://us-xpc5.xpccdn.com/4547a5cf-86fd-4852-8f87-1903a971f81d.mp4?Expires=1688646272&Signature=afYDUbwe8AQDGe0KmMrKNdL3xtQ%3D&UCloudPublicKey=TOKEN_e1897405-d3af-493b-b5a6-2bed66aae03d
12254833,1080p,https://us-xpc5.xpccdn.com/2b4fafe8-a9c2-4098-a514-23c08951ccf9.mp4
12254833,720p,https://us-xpc5.xpccdn.com/70902e2d-586d-4899-a345-952b5dbe99ef.mp4
12254833,360p,https://us-xpc5.xpccdn.com/9584b014-d5f8-4de8-b4ca-227a6dc0ca00.mp4
12101867,2k,https://us-xpc5.xpccdn.com/2e76095a-da0e-4a0e-928a-4e5f9a59c0bd.mp4
12101867,1080p,https://us-xpc5.xpccdn.com/de35dc1c-7ddf-49a7-b028-e3d72388f468.mp4
12101867,720p,https://us-xpc5.xpccdn.com/0d872480-6a1c-4b70-bf0b-329f835b40c5.mp4
12101867,360p,https://us-xpc5.xpccdn.com/37425fae-8372-4c81-9513-482e2338c822.mp4
12326373,1080p,https://us-xpc11.xpccdn.com/eaf88074-238a-48ae-b032-16f9320e96d4.mp4
12326373,720p,https://us-xpc11.xpccdn.com/09a440e2-2d9e-491e-aef0-5d4640165b14.mp4
12326373,360p,https://us-xpc11.xpccdn.com/9b96785b-dcee-4477-b8b1-2fc270a89777.mp4
12524837,4k,https://us-xpc5.xpccdn.com/1f5149ca-05e1-4684-8ea7-1627699a52af.mp4
12524837,1080p,https://us-xpc5.xpccdn.com/a8239228-1ec5-4114-99b3-71d75b4eb93f.mp4
12524837,720p,https://us-xpc5.xpccdn.com/6ef4fed6-f6cd-4aea-a6e7-2f4506c95690.mp4
12524837,360p,https://us-xpc5.xpccdn.com/58b14dbf-966a-4f92-add5-cb45b6c6e606.mp4
11455620,720p,https://us-xpc5.xpccdn.com/725865fe-b763-4aff-b96b-352a79f75de9.mp4
11455620,360p,https://us-xpc5.xpccdn.com/51db1232-20dc-4386-b672-1e755e2ce836.mp4
12290466,1080p,https://us-xpc11.xpccdn.com/5c461c3d-04c5-4bdd-adfd-e4b8b474c73b.mp4
12290466,720p,https://us-xpc11.xpccdn.com/d787ffdd-9b19-460f-a139-bf78b80e85f3.mp4
12290466,360p,https://us-xpc11.xpccdn.com/9805283a-e935-4918-ae82-e9519ada6dcb.mp4
12085505,1080p,https://us-xpc5.xpccdn.com/2be52499-2b02-4f44-acbb-bdf0b4ec6e88.mp4
12085505,720p,https://us-xpc5.xpccdn.com/9a9cc89a-b6be-4cc2-81b9-890b96672d39.mp4
12085505,360p,https://us-xpc5.xpccdn.com/83fe888c-9151-406c-b935-85278adee046.mp4
11302715,1080p,https://us-xpc5.xpccdn.com/f3ec83e2-e89b-4582-a967-a9296c7fd7ab.mp4
11302715,720p,https://us-xpc5.xpccdn.com/56d1b8fd-c41e-415c-be7a-d57904502fe1.mp4
11302715,360p,https://us-xpc5.xpccdn.com/30c873cd-9e55-47a6-8754-91f92e616612.mp4
12510586,2k,https://us-xpc5.xpccdn.com/80ef23e4-44c0-4a32-bff5-acd6b619dfbb.mp4
12510586,1080p,https://us-xpc5.xpccdn.com/b30a1d24-ec28-4369-a26a-59f1773ea088.mp4
12510586,720p,https://us-xpc5.xpccdn.com/c2d49b89-99aa-4e20-938f-58a45a94d381.mp4
12510586,360p,https://us-xpc5.xpccdn.com/2b1dee01-da60-47d8-b5ad-5cc2c9b4288a.mp4
12067123,1080p,https://us-xpc5.xpccdn.com/48045d51-be52-4191-bdb3-4e80b8bb8010.mp4
12067123,720p,https://us-xpc5.xpccdn.com/b5ba4454-4cc7-478c-8fcf-b80ec4247f48.mp4
12067123,360p,https://us-xpc5.xpccdn.com/12766e6b-670e-4e03-9add-541b28699dda.mp4
10716026,720p,https://qiniu-v0.xpccdn.com/5978f066e7d55.mp4
10716026,360p,https://qiniu-v0.xpccdn.com/5978f06c8a17b.mp4
12520167,1080p,https://us-xpc5.xpccdn.com/ca124b24-600f-4566-bce7-2a1ba1cd0cc9/1cf209b4-0ff1-49a6-9d4a-f7e9831e97e3.mp4
12520167,720p,https://us-xpc5.xpccdn.com/ca124b24-600f-4566-bce7-2a1ba1cd0cc9/91c54afc-71b8-495c-9da8-f933ed54c4c1.mp4
12520167,360p,https://us-xpc5.xpccdn.com/ca124b24-600f-4566-bce7-2a1ba1cd0cc9/a2187081-fc20-4064-bb56-f5279c1f3e0d.mp4
12294724,4k,https://us-xpc5.xpccdn.com/49288159-747e-47c1-a03d-2b80c3e6e4f3.mp4
12294724,1080p,https://us-xpc5.xpccdn.com/53640e6c-3534-47e8-b2b1-9d750fea421a.mp4
12294724,720p,https://us-xpc5.xpccdn.com/d6a7013a-a5dd-479c-81d1-e55a65cbd873.mp4
12294724,360p,https://us-xpc5.xpccdn.com/eeb3c789-abc5-4d3b-af3a-0e0854a0eb24.mp4
12406900,1080p,https://us-xpc11.xpccdn.com/77b1a728-f1b9-4042-9b4b-ffecc1bd85f2.mp4
12406900,720p,https://us-xpc11.xpccdn.com/25dd1ca7-3de6-4f7b-940e-cd96cf597708.mp4
12406900,360p,https://us-xpc11.xpccdn.com/db07d754-ae21-4c62-9e9f-38ee8e02ee6c.mp4
12435189,4k,https://us-xpc5.xpccdn.com/6cc56755-2b5b-4a3a-a128-185c4eb2b6cb.mp4
12435189,1080p,https://us-xpc5.xpccdn.com/fd462451-0f8c-4521-83ab-21c13e29c654.mp4
12435189,720p,https://us-xpc5.xpccdn.com/ec2f39e2-45ed-413a-b5d7-0d43a85fe232.mp4
12435189,360p,https://us-xpc5.xpccdn.com/313daba9-9063-4747-9710-07f2d06ed3f2.mp4
10314316,1080p,https://tencent-xpc5.xpccdn.com/5bbeaea2499f4.mp4
10314316,720p,https://tencent-xpc5.xpccdn.com/5bbeaea259d40.mp4
10314316,360p,https://tencent-xpc5.xpccdn.com/5bbeaea277fdc.mp4
12293406,1080p,https://us-xpc5.xpccdn.com/efee9a8b-c3c7-46bf-b69b-c71efbdc213b.mp4
12293406,720p,https://us-xpc5.xpccdn.com/5697a755-fb97-4166-a272-837830f76329.mp4
12293406,360p,https://us-xpc5.xpccdn.com/156f692e-378e-4091-b51b-6c05aad8ebad.mp4
12235715,1080p,https://us-xpc5.xpccdn.com/214902dd-b38c-4512-9862-b634eec5dcae.mp4
12235715,720p,https://us-xpc5.xpccdn.com/838da2ec-e600-4c14-b9e1-e2bb44fd786c.mp4
12235715,360p,https://us-xpc5.xpccdn.com/580046d5-c038-4c7e-820f-c419cd6fce48.mp4
12324915,4k,https://us-xpc11.xpccdn.com/405738fc-daca-4c67-88fc-67c08f60f73b.mp4
12324915,1080p,https://us-xpc11.xpccdn.com/761042f3-4616-4f24-bc45-4e1875c122db.mp4
12324915,720p,https://us-xpc11.xpccdn.com/1325806d-170d-4cae-b8a5-7add8ec2170c.mp4
12324915,360p,https://us-xpc11.xpccdn.com/48ff8482-02f1-4710-bd10-88475b9e662d.mp4
12290154,1080p,https://us-xpc11.xpccdn.com/3a02ecd5-8068-43a9-ba84-e4cd761fa0fe.mp4
12290154,720p,https://us-xpc11.xpccdn.com/c11c1097-f85b-4966-b6cb-4527e23a3e1a.mp4
12290154,360p,https://us-xpc11.xpccdn.com/bf797941-c638-43fd-b205-73dd4586add6.mp4
12567920,1080p,https://us-xpc11.xpccdn.com/0771772f-738d-4dc7-93ff-21f7ac258592/8489fee4-4a3b-4ff4-ad5e-af3db9c27da5.mp4
12567920,720p,https://us-xpc11.xpccdn.com/0771772f-738d-4dc7-93ff-21f7ac258592/187a0712-8662-43f1-92d8-7b5dbced0803.mp4
12567920,360p,https://us-xpc11.xpccdn.com/0771772f-738d-4dc7-93ff-21f7ac258592/44f5d413-3299-4245-892e-38c84c562247.mp4
12580535,4k,https://us-xpc11.xpccdn.com/355f0c76-9de0-4584-a7c5-72863c67636c/b71d266e-78b7-4c58-99a8-403a016f9f49.mp4
12580535,1080p,https://us-xpc11.xpccdn.com/355f0c76-9de0-4584-a7c5-72863c67636c/116e1368-f0a4-4a27-8525-be3315f29b90.mp4
12580535,720p,https://us-xpc11.xpccdn.com/355f0c76-9de0-4584-a7c5-72863c67636c/678928d2-7f6b-43f4-bc28-6f4b9415aadb.mp4
12580535,360p,https://us-xpc11.xpccdn.com/355f0c76-9de0-4584-a7c5-72863c67636c/09c1d5c5-6fa6-47dc-a584-b28269bc13dd.mp4
12110723,1080p,https://us-xpc5.xpccdn.com/ed46451c-2a70-49f2-895c-feeba55e2a9f.mp4
12110723,720p,https://us-xpc5.xpccdn.com/94e8c852-ca0d-4b75-8ecc-1206157c0c03.mp4
12110723,360p,https://us-xpc5.xpccdn.com/f97267a7-8ef8-45d4-a70d-fa5483af8441.mp4
10687469,1080p,https://us-xpc5.xpccdn.com/5e5e077be6fc4.mp4
10687469,720p,https://us-xpc5.xpccdn.com/5e5e077c012d7.mp4
10687469,360p,https://us-xpc5.xpccdn.com/5e5e077c1d7f8.mp4
12279353,2k,https://us-xpc11.xpccdn.com/0768a9e5-af8f-4d1e-9bf2-6161df48e040.mp4
12279353,1080p,https://us-xpc11.xpccdn.com/d35e3646-a0bb-403b-b0a1-f330a1628634.mp4
12279353,720p,https://us-xpc11.xpccdn.com/389ee84e-4835-40cf-92c7-a8e18528e161.mp4
12279353,360p,https://us-xpc11.xpccdn.com/a7f58529-3e64-4f0d-8256-0e7c79ac7721.mp4
12097994,4k,https://us-xpc5.xpccdn.com/9781550d-0e35-483a-bcfd-6689d33566af.mp4
12097994,1080p,https://us-xpc5.xpccdn.com/442ebe14-23a7-4dfc-967a-b516fff22c94.mp4
12097994,720p,https://us-xpc5.xpccdn.com/7ef0c927-6d81-4d61-923a-f6ffa5d74e4b.mp4
12097994,360p,https://us-xpc5.xpccdn.com/18b13cd5-57f1-4f23-b992-c9750f0acfe3.mp4
12566773,720p,https://us-xpc5.xpccdn.com/1ded1e12-6550-4423-b194-8f2d1a6f8cbb/4d0d35b2-4ab3-4dee-aebb-03f4ede58d87.mp4
12566773,360p,https://us-xpc5.xpccdn.com/1ded1e12-6550-4423-b194-8f2d1a6f8cbb/41bcf28b-a9ec-4d6f-97cd-f7844671076a.mp4
12457487,720p,https://us-xpc5.xpccdn.com/497720c0-376d-48f3-8923-7c54ca4d4b54.mp4
11523117,1080p,https://us-xpc5.xpccdn.com/1a0cd498-ff27-45eb-90ab-a879ebb476e6.mp4
11523117,720p,https://us-xpc5.xpccdn.com/74812a59-12dd-4d3e-9983-66883deccea4.mp4
11523117,360p,https://us-xpc5.xpccdn.com/2fb3edf6-5009-43e8-b944-2590d8aa012e.mp4
12506043,2k,https://us-xpc5.xpccdn.com/094c39fd-6c69-4f22-9d8d-de59ade757db/b174017f-42ad-4532-9056-ae50fbcc6fec.mp4
12506043,1080p,https://us-xpc5.xpccdn.com/094c39fd-6c69-4f22-9d8d-de59ade757db/e93fdfea-a44f-4f15-84fb-669cad314805.mp4
12506043,720p,https://us-xpc5.xpccdn.com/094c39fd-6c69-4f22-9d8d-de59ade757db/7d6ea48d-8a3f-477d-8399-c35777116d90.mp4
12506043,360p,https://us-xpc5.xpccdn.com/094c39fd-6c69-4f22-9d8d-de59ade757db/866712c4-5988-409d-9c4d-40da257d1846.mp4
12425186,1080p,https://us-xpc5.xpccdn.com/c5c5a208-5c48-44a8-ba21-6ff1e4aa1ee3.mp4
12425186,720p,https://us-xpc5.xpccdn.com/aa2745da-bc53-44e6-a5f5-130d06e96389.mp4
12425186,360p,https://us-xpc5.xpccdn.com/b5167008-d7ad-4130-a1b5-3b69315bfb10.mp4
12560152,1080p,https://us-xpc5.xpccdn.com/eca76ae0-32a6-429b-bc96-c1eaf59c7148/a1032b77-9695-42f6-8ecd-8ee348d13b71.mp4
12560152,720p,https://us-xpc5.xpccdn.com/eca76ae0-32a6-429b-bc96-c1eaf59c7148/c4fddc3a-526d-458d-95f2-3322d173e3e7.mp4
12560152,360p,https://us-xpc5.xpccdn.com/eca76ae0-32a6-429b-bc96-c1eaf59c7148/65e5b73a-b2fe-440b-9941-8d529ca4deae.mp4
10499365,1080p,https://qiniu-video0.xpccdn.com/5a1fd269dce53.mp4
10499365,720p,https://qiniu-video0.xpccdn.com/5a1fd269ecae0.mp4
10499365,360p,https://qiniu-video0.xpccdn.com/5a1fd26a22ce6.mp4
11639122,1080p,https://us-xpc5.xpccdn.com/f0f158ce-e4d4-48ed-a5b9-83adcdb69f76.mp4
11639122,720p,https://us-xpc5.xpccdn.com/4af56567-af36-4720-be16-06619137ef3e.mp4
11639122,360p,https://us-xpc5.xpccdn.com/a7e62eb8-d19b-48de-9b6a-32fbb03eef44.mp4
11896838,1080p,https://us-xpc11.xpccdn.com/28d320be-ec37-4b55-8a50-1d19d776601e.mp4
11896838,720p,https://us-xpc11.xpccdn.com/cda77472-2d48-4efd-ae9f-e915e007c582.mp4
11896838,360p,https://us-xpc11.xpccdn.com/37f01dcf-9f12-4d74-a57d-ae5072532f8e.mp4
12542831,1080p,https://us-xpc5.xpccdn.com/b5a4d8ea-be3a-4a18-89c0-8e8021256fe5.mp4
12542831,720p,https://us-xpc5.xpccdn.com/781ef854-2929-4ab9-aa84-73fb2fcb6a39.mp4
12542831,360p,https://us-xpc5.xpccdn.com/0e02cf69-873a-4e2d-9512-1574c72df6a4.mp4
12580439,1080p,https://us-xpc5.xpccdn.com/ed96034f-55d5-4bbe-8712-accf25b58928/c7253606-84b4-4597-bd76-b1b97dccef61.mp4
12580439,720p,https://us-xpc5.xpccdn.com/ed96034f-55d5-4bbe-8712-accf25b58928/66f21292-00cb-4fc3-9837-1c8e5187b542.mp4
12580439,360p,https://us-xpc5.xpccdn.com/ed96034f-55d5-4bbe-8712-accf25b58928/0ab436a4-7d4d-45e3-8178-0c9336550d93.mp4
11382525,1080p,https://us-xpc5.xpccdn.com/d7f555e2-3630-46b9-9827-c62f83a395eb.mp4
11382525,720p,https://us-xpc5.xpccdn.com/bc930f2c-8f6c-4540-80f8-ddd6d628e989.mp4
11382525,360p,https://us-xpc5.xpccdn.com/10ba6110-6428-4294-a517-3dffc6cd0615.mp4
12301632,4k,https://us-xpc5.xpccdn.com/b6a42c90-edcf-476c-9a0f-c6f8acb39460.mp4
12301632,1080p,https://us-xpc5.xpccdn.com/066c6ab3-5f36-4335-9376-cdf211dfb535.mp4
12301632,720p,https://us-xpc5.xpccdn.com/923f4c36-9df9-4c4e-a844-4376ffcc8fd5.mp4
12301632,360p,https://us-xpc5.xpccdn.com/c68e5942-50b6-4c68-a38a-498755dd718c.mp4
12388102,1080p,https://us-xpc5.xpccdn.com/2b64482c-b972-49a6-9021-f60bbe3269e5.mp4
12388102,720p,https://us-xpc5.xpccdn.com/f00ae3ae-914e-4b3c-a0a3-a9007fd0ac46.mp4
11244122,1080p,https://us-xpc5.xpccdn.com/8237a232-05d9-4d93-ac9c-b5fe7cb9f12b.mp4
11244122,720p,https://us-xpc5.xpccdn.com/214d0b8e-ca28-40de-b3ad-a46ede6d820c.mp4
11244122,360p,https://us-xpc5.xpccdn.com/33041a68-868b-4fb2-9fc4-0c3ad5fe1135.mp4
12408412,720p,https://us-xpc11.xpccdn.com/fcfb8310-5a8f-4522-8e0f-05bef1e7e25b.mp4
12408412,360p,https://us-xpc11.xpccdn.com/5735eb4f-2c42-4601-a953-5c37e184ac6e.mp4
11398541,1080p,https://us-xpc5.xpccdn.com/e7d87731-1ce6-474b-8b90-a8ca0d44d4aa.mp4
11398541,720p,https://us-xpc5.xpccdn.com/efba2061-691c-404f-b2fe-70a5eedc9125.mp4
11398541,360p,https://us-xpc5.xpccdn.com/f8181f1d-f359-46b2-bcf0-90f65b69ef6e.mp4
10921699,4k,https://us-xpc5.xpccdn.com/360b4d5d-3d56-4d04-b050-24e0daa720ed.mp4
10921699,1080p,https://us-xpc5.xpccdn.com/eebc28fd-385c-43e6-a3cf-99e8a38dde13.mp4
10921699,720p,https://us-xpc5.xpccdn.com/94a615f5-29b3-45f1-adb4-b8561e089186.mp4
10921699,360p,https://us-xpc5.xpccdn.com/4dce8114-4742-4014-aa2b-af1264051490.mp4
12318670,1080p,https://us-xpc5.xpccdn.com/47babfbf-6c73-43b0-9dc2-a6ce24d1f069.mp4
12318670,720p,https://us-xpc5.xpccdn.com/f6c0e83a-a49c-404d-8b7d-2483ab730056.mp4
12526472,1080p,https://us-xpc5.xpccdn.com/1941fe5b-e331-4a64-abe9-e70008e926db/561cd99e-c52a-4e5a-9c0c-2b39c9dd75c6.mp4
12526472,720p,https://us-xpc5.xpccdn.com/1941fe5b-e331-4a64-abe9-e70008e926db/8d1b06a6-b2dd-4956-97c3-2335366372f4.mp4
12526472,360p,https://us-xpc5.xpccdn.com/1941fe5b-e331-4a64-abe9-e70008e926db/130cf3d6-3074-48c1-acad-d13e417463cd.mp4
11180959,1080p,https://us-xpc5.xpccdn.com/b655406a-6c14-433e-8306-c32089fce2c1.mp4
11180959,720p,https://us-xpc5.xpccdn.com/573519f4-8bba-4695-b3ad-6c4a4a35bb05.mp4
11180959,360p,https://us-xpc5.xpccdn.com/169269e8-5aaa-40d4-ba58-a72ea9f2ebbe.mp4
11497832,4k,https://us-xpc5.xpccdn.com/b2690cda-4f66-4adf-9ac0-23b7401afcd2.mp4
11497832,1080p,https://us-xpc5.xpccdn.com/309a388b-9351-4792-8fc0-1ad8eda07f27.mp4
11497832,720p,https://us-xpc5.xpccdn.com/90ba1ed1-0772-47db-91b0-12e525f92554.mp4
11497832,360p,https://us-xpc5.xpccdn.com/6a0c9114-a287-4956-8752-ca56fdc8880f.mp4
11935783,4k,https://us-xpc11.xpccdn.com/f331e62d-0696-4f1a-9676-0ebf9a0c34eb.mp4
11935783,1080p,https://us-xpc11.xpccdn.com/4ad51852-632c-4129-8a07-8d290a5d77ae.mp4
11935783,720p,https://us-xpc11.xpccdn.com/288a6ed5-dd7f-47d5-903b-49f40341ad8b.mp4
11935783,360p,https://us-xpc11.xpccdn.com/ccff02d5-54d3-49c2-bc2e-1d42e116ef0f.mp4
12057159,2k,https://us-xpc5.xpccdn.com/617993c2-ad8b-45c4-9d6a-84dc0ae18fb1.mp4
12057159,1080p,https://us-xpc5.xpccdn.com/46f8fc37-61d3-4de4-a6f4-c3041fe36836.mp4
12057159,720p,https://us-xpc5.xpccdn.com/0397c38f-af9b-4ded-b53f-cbc7fe698249.mp4
12057159,360p,https://us-xpc5.xpccdn.com/6ea21a9f-4936-42f2-9ab3-e70416e5870a.mp4
12073598,1080p,https://us-xpc5.xpccdn.com/c9869e64-7660-4c65-9185-777f9c7c4d8d.mp4
12073598,720p,https://us-xpc5.xpccdn.com/2ec7c7be-c455-4df6-8156-2e9c950d9ea0.mp4
12073598,360p,https://us-xpc5.xpccdn.com/f83d2ef3-2fd1-4820-9e5b-879b2bf649bf.mp4
12475332,1080p,https://us-xpc5.xpccdn.com/3f8f0fd3-8429-44bc-bc61-2f8ab021ca59.mp4
12475332,720p,https://us-xpc5.xpccdn.com/9d102aa7-ccc1-4585-98dc-d176489fbcba.mp4
12475332,360p,https://us-xpc5.xpccdn.com/4b588593-9721-4a58-bed5-3bd7829334bc.mp4
12314427,1080p,https://us-xpc5.xpccdn.com/efc8f1ab-a6fa-4504-a472-f1b9dc1ee59e.mp4
12314427,720p,https://us-xpc5.xpccdn.com/31df8fe2-dd5e-4548-bf3c-2616f2afb18f.mp4
12314427,360p,https://us-xpc5.xpccdn.com/c3394bc9-4793-4435-9c3d-4a3677965ec9.mp4
11674757,4k,https://us-xpc5.xpccdn.com/879cff7d-d76d-47ac-9815-ad57c92f6e51.mp4
11674757,1080p,https://us-xpc5.xpccdn.com/468b6803-971d-4a3a-9e6c-3774be360bd8.mp4
11674757,720p,https://us-xpc5.xpccdn.com/4dc5c4b5-c1da-465d-9b53-63dd60eb7ccb.mp4
11674757,360p,https://us-xpc5.xpccdn.com/7d2da0c4-6e33-439e-b8c4-3b8e25344f12.mp4
12260990,1080p,https://us-xpc5.xpccdn.com/58a08387-e0d3-4bd2-bf5d-059101ed274c.mp4
12260990,720p,https://us-xpc5.xpccdn.com/9a954112-e1a9-4fb9-9c6a-c91763902ba4.mp4
12260990,360p,https://us-xpc5.xpccdn.com/d68e2574-b0b4-469e-8386-b371429aa564.mp4
11078715,4k,https://us-xpc5.xpccdn.com/df8dc7cd-ea27-4d70-b2bc-67e36dbb4256.mp4
11078715,1080p,https://us-xpc5.xpccdn.com/fc13ec18-b94b-42e9-b7be-e5d842ae4810.mp4
11078715,720p,https://us-xpc5.xpccdn.com/b346f694-8456-41ae-a0b3-7fc11da7ee21.mp4
11078715,360p,https://us-xpc5.xpccdn.com/09e7934a-3e08-4174-87ef-b52b8ead1316.mp4
12055525,2k,https://us-xpc5.xpccdn.com/ed2abdd4-f4fe-4101-8840-8bb40cd279ff.mp4
12055525,1080p,https://us-xpc5.xpccdn.com/dcbdf85b-374b-4a79-815a-9d3c58f5612b.mp4
12055525,720p,https://us-xpc5.xpccdn.com/afaf692e-95e1-4b52-a559-3b8797ffbec0.mp4
12055525,360p,https://us-xpc5.xpccdn.com/d911c4aa-8a45-47ed-a31b-92868acc169f.mp4
12037367,1080p,https://us-xpc5.xpccdn.com/20134851-0f2d-4e78-bd34-592992841e40.mp4
12037367,720p,https://us-xpc5.xpccdn.com/c4052e39-7768-4b63-8119-3872f3aacf1a.mp4
10927726,1080p,https://us-xpc11.xpccdn.com/63136564-b77d-44aa-b0c1-98c082e56ca1.mp4
10927726,720p,https://us-xpc11.xpccdn.com/f40999d3-052f-45e7-a10c-00b15cb18315.mp4
10927726,360p,https://us-xpc11.xpccdn.com/465037a8-7c9c-482d-a8f5-850dd223f44a.mp4
11217802,1080p,https://us-xpc5.xpccdn.com/d4e0dd67-7b14-47c0-86cd-945c946b424b.mp4
11217802,720p,https://us-xpc5.xpccdn.com/5cc08dd2-eeb3-43d8-a0ca-a23f004be5ff.mp4
11217802,360p,https://us-xpc5.xpccdn.com/a86bd062-489b-4517-9f4b-ca0801fd96f9.mp4
11928247,1080p,https://us-xpc5.xpccdn.com/d27d9894-636f-4af3-9c7b-2999d5031368.mp4
11928247,720p,https://us-xpc5.xpccdn.com/bdb46062-52d8-4443-837d-db358d4ce610.mp4
11928247,360p,https://us-xpc5.xpccdn.com/5dd1d5d8-7df2-45e2-b812-ba5059bfd116.mp4
12283682,1080p60,https://us-xpc5.xpccdn.com/f13e6f2e-12c2-42cc-810f-f4509561766b.mp4
12283682,720p,https://us-xpc5.xpccdn.com/ca97d360-e94c-49e9-b799-e7a11be701f2.mp4
12283682,360p,https://us-xpc5.xpccdn.com/c8f70e88-4fdc-442d-af69-f5e36715b8df.mp4
12359912,4k,https://us-xpc5.xpccdn.com/55288078-d358-449c-acf9-6b5a1774f297.mp4
12359912,1080p,https://us-xpc5.xpccdn.com/e377ca7d-6191-4981-aa16-f7aa1d89270e.mp4
12359912,720p,https://us-xpc5.xpccdn.com/33e976f0-3780-4e1c-964d-3bb19d660e80.mp4
12359912,360p,https://us-xpc5.xpccdn.com/b03fe0ed-04db-4252-92da-15a8d2a2a225.mp4
11495102,1080p,https://us-xpc5.xpccdn.com/a878bc49-3c23-4733-8e72-5e2a73cf3a99.mp4
11495102,720p,https://us-xpc5.xpccdn.com/66bb2395-5561-488a-aeec-e74110bdde26.mp4
11495102,360p,https://us-xpc5.xpccdn.com/71f535e1-1f01-490b-a655-3adfc8770516.mp4
11535547,1080p,https://us-xpc5.xpccdn.com/7815cec9-130b-4fb4-8c6d-5d0b887bf132.mp4
11535547,720p,https://us-xpc5.xpccdn.com/ec353d62-629f-4031-b4f0-8982a1fddd29.mp4
11535547,360p,https://us-xpc5.xpccdn.com/79527696-1767-41ca-bb14-f69935e3caf6.mp4
12424785,1080p,https://us-xpc5.xpccdn.com/dff0a122-78e7-4f2f-ac38-8d86be600978.mp4
12424785,720p,https://us-xpc5.xpccdn.com/64a3cc6e-61fb-446c-b689-264aa8d955c3.mp4
12424785,360p,https://us-xpc5.xpccdn.com/b475cddf-7136-487f-b17b-99e4cae2d25f.mp4
12023105,4k,https://us-xpc5.xpccdn.com/e04a915d-c3b4-4b8c-82f7-e5c144bb8b94.mp4
12023105,1080p,https://us-xpc5.xpccdn.com/d860b099-fb5b-4fd7-9e32-dee98bab8f3d.mp4
12023105,720p,https://us-xpc5.xpccdn.com/23c8938e-15b5-4050-8975-1728f287c084.mp4
12023105,360p,https://us-xpc5.xpccdn.com/cdc86018-e3d4-4573-9b36-679791667d51.mp4
12299990,1080p,https://us-xpc5.xpccdn.com/9ea27622-dde0-4185-bf12-61ca93d8a87c.mp4
12299990,720p,https://us-xpc5.xpccdn.com/40e67815-c04c-4bc6-8714-8791d170674b.mp4
12299990,360p,https://us-xpc5.xpccdn.com/0d6e6b7e-443b-4ed5-b249-edd811966aec.mp4
11155820,720p,https://us-xpc5.xpccdn.com/55b8206f-21dc-4408-ae21-789caceae1a1.mp4
11155820,360p,https://us-xpc5.xpccdn.com/ac72ee2a-ea73-4798-880b-d7ca3642655d.mp4
12387268,1080p,https://us-xpc5.xpccdn.com/8c8cd8c6-9f2f-4334-a83b-8af5136dbfe9.mp4
12387268,720p,https://us-xpc5.xpccdn.com/82b8dcae-bf3e-40d9-9fd5-800625d550dd.mp4
12387268,360p,https://us-xpc5.xpccdn.com/6428177b-8a43-40f4-bd09-73fe1f5091a2.mp4
12439965,1080p,https://us-xpc11.xpccdn.com/d21e0048-140e-458e-9643-6fb46a563756.mp4
12439965,720p,https://us-xpc11.xpccdn.com/b2b7b1fd-c047-4da9-a4c6-e6b2e723694e.mp4
12287618,720p,https://us-xpc5.xpccdn.com/d5f63c8f-8fa6-445b-8ae0-5da736e10b2e.mp4
12287618,360p,https://us-xpc5.xpccdn.com/d48be29a-8b61-4744-b6ba-b9cf7af32b92.mp4
11138381,1080p,https://us-xpc11.xpccdn.com/21208e04-bdaa-4f53-a765-1d3478adeedb.mp4
11138381,720p,https://us-xpc11.xpccdn.com/6589bc9a-2dda-4ab0-973f-238d9b185227.mp4
11138381,360p,https://us-xpc11.xpccdn.com/c203ffad-f42a-4021-977a-c3acda80352b.mp4
12525998,4k,https://us-xpc5.xpccdn.com/0cef5899-01a3-4be6-8594-c9280296653d/3e1ff72f-8aa8-4167-9bdd-b2f65be80d6d.mp4
12525998,1080p,https://us-xpc5.xpccdn.com/0cef5899-01a3-4be6-8594-c9280296653d/cc06b9f9-081a-4f12-9b29-e4a6933ed5c9.mp4
12525998,720p,https://us-xpc5.xpccdn.com/0cef5899-01a3-4be6-8594-c9280296653d/6721c604-ea15-46c8-88c9-ddffa27926a7.mp4
12525998,360p,https://us-xpc5.xpccdn.com/0cef5899-01a3-4be6-8594-c9280296653d/f5da9fb9-2a81-4d7d-b230-a9edf2540c82.mp4
12557908,4k,https://us-xpc5.xpccdn.com/d25b7c10-b025-43f4-91bf-a68e20e469c6/41074825-29a6-4be4-85cd-4470e12ae82e.mp4
12557908,1080p,https://us-xpc5.xpccdn.com/d25b7c10-b025-43f4-91bf-a68e20e469c6/f01ad923-f61c-47af-9829-051093bda018.mp4
12557908,720p,https://us-xpc5.xpccdn.com/d25b7c10-b025-43f4-91bf-a68e20e469c6/238ec9be-17ae-4b05-8685-bd77c6dd8de8.mp4
12557908,360p,https://us-xpc5.xpccdn.com/d25b7c10-b025-43f4-91bf-a68e20e469c6/edfccb6b-b7c6-4fff-aaee-670843e4d51c.mp4
11464931,1080p,https://us-xpc11.xpccdn.com/3aa6b6bc-db7c-4af5-9432-39ff73ef3616.mp4
11464931,720p,https://us-xpc11.xpccdn.com/3e0a59b9-bd2d-411b-8411-8e9ff63da211.mp4
11464931,360p,https://us-xpc11.xpccdn.com/b0dccf17-959b-4cb8-9e20-fe2d538df3df.mp4
12318533,1080p,https://us-xpc11.xpccdn.com/1ca498c8-b3fa-409e-89d1-52f4ace18381.mp4
12318533,720p,https://us-xpc11.xpccdn.com/c108631c-0780-4730-ab7d-2a51c63eaee7.mp4
12318533,360p,https://us-xpc11.xpccdn.com/4c1a5993-3151-4f67-b110-43028e5baf4c.mp4
11740586,1080p,https://us-xpc5.xpccdn.com/a432ee28-dc3a-446e-96bd-886b4c7d50ea.mp4
11740586,720p,https://us-xpc5.xpccdn.com/5a795a81-79c6-4b20-9dba-94c333ca37df.mp4
12544787,2k,https://us-xpc5.xpccdn.com/6cb9ded2-31dd-4314-b6c2-5bc8363fe0fe/f0512e7b-cdbe-4cf5-a6e3-5ac828540276.mp4
12544787,1080p,https://us-xpc5.xpccdn.com/6cb9ded2-31dd-4314-b6c2-5bc8363fe0fe/b944f0b2-dcdd-454e-a649-f230ece767c1.mp4
12544787,720p,https://us-xpc5.xpccdn.com/6cb9ded2-31dd-4314-b6c2-5bc8363fe0fe/30895be0-6384-4cc1-b958-0da89d1c6a51.mp4
12544787,360p,https://us-xpc5.xpccdn.com/6cb9ded2-31dd-4314-b6c2-5bc8363fe0fe/345db338-025d-47f4-8fb8-b28e296b94ca.mp4
12383648,1080p,https://us-xpc5.xpccdn.com/bbe48eb8-1f62-4289-9c5e-b7660daacb91.mp4
12383648,720p,https://us-xpc5.xpccdn.com/a39b25fb-2064-4677-a7bd-ac69409e04ad.mp4
11409008,1080p,https://us-xpc5.xpccdn.com/daab13ec-6ea7-4768-b4d9-0c40ad3d5110.mp4
11409008,720p,https://us-xpc5.xpccdn.com/6be6853f-5a62-43fe-8594-45e8c8552424.mp4
11409008,360p,https://us-xpc5.xpccdn.com/233799a1-d64a-43e9-8e5c-0e9ffe6347d6.mp4
12465580,4k,https://us-xpc11.xpccdn.com/e38ceb5f-9177-4079-831c-bc5e5e4a29d9.mp4
12465580,1080p,https://us-xpc11.xpccdn.com/8eeb5a98-ccf3-49ea-b5b1-8bb161668a95.mp4
12465580,720p,https://us-xpc11.xpccdn.com/391f25a2-6dc6-47c0-820f-a8f9892602a7.mp4
12465580,360p,https://us-xpc11.xpccdn.com/054af172-af0e-4481-82a2-407a69ca197a.mp4
12157142,1080p,https://us-xpc5.xpccdn.com/0b820523-73c3-4641-873e-729b5d48af75.mp4
12157142,720p,https://us-xpc5.xpccdn.com/b6a2910e-25f3-4796-bf18-adc39df9f2fa.mp4
12157142,360p,https://us-xpc5.xpccdn.com/e37d079d-069a-459a-9e37-2865c4ea0d98.mp4
11226580,1080p,https://us-xpc5.xpccdn.com/dda01275-86b3-42c4-adf1-ddfdb252d4ca.mp4
11226580,720p,https://us-xpc5.xpccdn.com/60ca3bfa-a785-41a3-9fb9-ba6f429a2427.mp4
11226580,360p,https://us-xpc5.xpccdn.com/96825181-4b2d-4b61-901e-982ae6ebc989.mp4
12313003,1080p,https://us-xpc5.xpccdn.com/3a7b99ad-2ac0-4a39-a4b7-859080a37f90.mp4
12313003,720p,https://us-xpc5.xpccdn.com/b9a6e9f9-0b1e-4eff-87b9-42a60d1454c2.mp4
12313003,360p,https://us-xpc5.xpccdn.com/10f73031-733d-463d-8d5b-d891550fb640.mp4
11785996,4k,https://us-xpc5.xpccdn.com/c2730466-9fde-4b26-9c3c-d6ea140ec81c.mp4
11785996,1080p,https://us-xpc5.xpccdn.com/97e4c0e6-cf26-4570-8f72-503456ca74de.mp4
11083072,1080p,https://us-xpc5.xpccdn.com/1c06cd9a-b1b5-471a-aeaf-7eba9c0757d2.mp4
11083072,720p,https://us-xpc5.xpccdn.com/89bbbf23-d4d0-4f05-8c13-afb68c6937cc.mp4
11083072,360p,https://us-xpc5.xpccdn.com/74e2d85a-d2c5-4cbf-b98d-d8a0d6aa3fc0.mp4
12525305,4k,https://us-xpc5.xpccdn.com/8a5baf94-c028-4446-ba2b-cae056aaa825/2b8e0d9d-481e-4785-a3d5-1603717e7115.mp4
12525305,1080p,https://us-xpc5.xpccdn.com/8a5baf94-c028-4446-ba2b-cae056aaa825/7ff9ab18-2194-4934-abe5-f04b2d921540.mp4
12525305,720p,https://us-xpc5.xpccdn.com/8a5baf94-c028-4446-ba2b-cae056aaa825/3568a0ff-6146-462b-9279-4c636f53af8e.mp4
12525305,360p,https://us-xpc5.xpccdn.com/8a5baf94-c028-4446-ba2b-cae056aaa825/f27818d5-0ac3-4fd5-8d6a-02108a5666ea.mp4
11175898,1080p,https://us-xpc5.xpccdn.com/4e2a3f8b-15c2-4ed8-a906-6a599e287fb3.mp4
11175898,720p,https://us-xpc5.xpccdn.com/b61a0061-306d-4c8b-8b12-e084728d0c25.mp4
11175898,360p,https://us-xpc5.xpccdn.com/14b8817b-92cc-441a-9726-5c7ebbf7a927.mp4
12397168,4k,https://us-xpc11.xpccdn.com/b338caa6-1611-44c7-b56e-86ea304806b9.mp4
12397168,1080p,https://us-xpc11.xpccdn.com/80b236fb-2888-499d-9921-9e16b3e2e92c.mp4
12397168,720p,https://us-xpc11.xpccdn.com/d37083a0-1fce-4c34-9c87-4a6cfed853de.mp4
12397168,360p,https://us-xpc11.xpccdn.com/818c43a8-f97f-4b63-bad1-efa1b656fac1.mp4
10941796,1080p,https://us-xpc5.xpccdn.com/3c90893d-5dc0-4bd3-b5ad-b3e09e6300ee.mp4
10941796,720p,https://us-xpc5.xpccdn.com/b58e2723-5723-48d7-8176-51fa1e9db793.mp4
10941796,360p,https://us-xpc5.xpccdn.com/63fea58a-7ad5-4046-9482-5832e9461e7f.mp4
12413846,1080p,https://us-xpc5.xpccdn.com/0ca706cf-d565-4296-8d18-e1b28118d5e5.mp4
12413846,720p,https://us-xpc5.xpccdn.com/e02cc676-586e-4f1b-b063-25fe728e1da1.mp4
12252574,1080p,https://us-xpc5.xpccdn.com/953acf6d-710a-48c7-9f07-a28970e897de.mp4
12252574,720p,https://us-xpc5.xpccdn.com/992e9a8a-270a-4dcf-ba5e-e35c054c0313.mp4
12252574,360p,https://us-xpc5.xpccdn.com/10b9d644-d3fa-4365-b6f5-0dc12f72ffcb.mp4
10428390,1080p,https://us-xpc11.xpccdn.com/5ccd352b3b117.mp4
10428390,720p,https://us-xpc11.xpccdn.com/5ccd352b731b7.mp4
10428390,360p,https://us-xpc11.xpccdn.com/5ccd352bae739.mp4
12174957,1080p,https://us-xpc5.xpccdn.com/420ad838-2cc3-414e-8dbc-7eefb6bb77fc.mp4
12174957,720p,https://us-xpc5.xpccdn.com/0b78f342-c19e-42b4-8541-8866272801c4.mp4
12174957,360p,https://us-xpc5.xpccdn.com/9ca9ee9f-2b55-4031-9cf5-05eb46e948a0.mp4
12282863,1080p,https://us-xpc5.xpccdn.com/436cfae0-b095-455b-a97b-44870c2015ab.mp4
12282863,720p,https://us-xpc5.xpccdn.com/96707326-29ae-4046-9ef5-507c795f1b61.mp4
12282863,360p,https://us-xpc5.xpccdn.com/7002cce8-8c07-4f1f-8924-d21932541d93.mp4
12324310,1080p,https://us-xpc5.xpccdn.com/51d2cbae-dc60-40b8-b35e-8471beed1381.mp4
12324310,720p,https://us-xpc5.xpccdn.com/c770d1db-dedf-4844-a347-8cd294926208.mp4
12324310,360p,https://us-xpc5.xpccdn.com/abd95f67-6dd0-4b84-8c8f-e53eee34e4ae.mp4
12143157,1080p,https://us-xpc5.xpccdn.com/6fb9e3e5-2ea7-4171-ae63-b897e4e4ef36.mp4
12143157,720p,https://us-xpc5.xpccdn.com/04035fe0-7c9b-4f5f-8f17-6cc04a3cb857.mp4
12143157,360p,https://us-xpc5.xpccdn.com/a1a35655-d5b6-4b36-ba0c-c03bd51f3bda.mp4
12542678,1080p,https://us-xpc5.xpccdn.com/fe2f03bb-9362-4e01-a032-b8a139718bd1/9af028c4-3ffd-48ea-88bc-8f60b3464f56.mp4
12542678,720p,https://us-xpc5.xpccdn.com/fe2f03bb-9362-4e01-a032-b8a139718bd1/e0c214f7-7c03-40cb-9a1e-984864af7d3a.mp4
12542678,360p,https://us-xpc5.xpccdn.com/fe2f03bb-9362-4e01-a032-b8a139718bd1/3680a92c-f78e-460f-9c5d-f912bcb5d1b2.mp4
11093982,2k,https://us-xpc5.xpccdn.com/ae05a038-bf7c-401c-92e0-dd2474918ed0.mp4
11093982,1080p,https://us-xpc5.xpccdn.com/1851d093-8400-4dd9-9b09-50a6d00b51aa.mp4
11093982,720p,https://us-xpc5.xpccdn.com/aa7994e0-b01a-4231-b5e8-73d3ec75caa2.mp4
11093982,360p,https://us-xpc5.xpccdn.com/d3ec14ea-c7f7-4697-a20d-e574deedd1c4.mp4
12506503,4k,https://us-xpc5.xpccdn.com/22f36250-7d66-486e-b4c8-cb01ca745fae.mp4
12506503,1080p,https://us-xpc5.xpccdn.com/d981d5de-50ce-4c8c-830a-d59cff216e54.mp4
12506503,720p,https://us-xpc5.xpccdn.com/bd63a42d-a4de-46b9-bd32-7a41025bfde4.mp4
12506503,360p,https://us-xpc5.xpccdn.com/424ff2c2-c138-4596-bbd5-d35b66e1a118.mp4
11927729,4k,https://us-xpc11.xpccdn.com/607b4a13-a781-4fa5-a4ca-35fe2617af1a.mp4
11927729,1080p,https://us-xpc11.xpccdn.com/08912629-b9f9-48f4-845c-4f00fdcc94f2.mp4
11927729,720p,https://us-xpc11.xpccdn.com/e87e65f0-bf60-4762-b3ea-e85ecce1ccd8.mp4
11927729,360p,https://us-xpc11.xpccdn.com/5b1a7141-8ce5-4131-ab56-d535b95ab1bc.mp4
11768088,1080p,https://us-xpc5.xpccdn.com/eb78ef82-6c35-424a-8c5e-a167e87950c5.mp4
11768088,720p,https://us-xpc5.xpccdn.com/26356b82-cccb-4508-b86d-129e4e35615d.mp4
12145362,4k,https://us-xpc5.xpccdn.com/9e0dfd87-9b1f-47da-8969-642bdff9ca1c.mp4
12145362,1080p,https://us-xpc5.xpccdn.com/156b3c8c-8e76-45a6-a326-dc872e0a484a.mp4
12145362,720p,https://us-xpc5.xpccdn.com/3f43a871-7aab-4f94-a1b4-c747573e7124.mp4
12145362,360p,https://us-xpc5.xpccdn.com/23199c13-4b72-4a3d-b131-565b94d61c9f.mp4
11928388,4k,https://us-xpc5.xpccdn.com/feb002ff-1a45-43fd-b844-2ff45ae5513d.mp4
11928388,1080p,https://us-xpc5.xpccdn.com/f6b98793-66e5-413b-9683-3f4c09befe3b.mp4
11928388,720p,https://us-xpc5.xpccdn.com/d8089436-211e-48b6-bb40-1c2a49015ff5.mp4
11928388,360p,https://us-xpc5.xpccdn.com/b2b9a2e0-26bb-4511-a7ef-2ac8b86925b0.mp4
10499379,720p,https://qiniu-video0.xpccdn.com/59b2073ae7022.mp4
10499379,360p,https://qiniu-video0.xpccdn.com/59b2073b1a384.mp4
12474001,1080p,https://us-xpc5.xpccdn.com/c2f0b0fd-f466-4677-8276-e9c6430fac94.mp4
12474001,720p,https://us-xpc5.xpccdn.com/ea5ed37a-d758-4ea4-8b72-bbdab50b88cc.mp4
12474001,360p,https://us-xpc5.xpccdn.com/45d40b8d-f2f7-4766-b285-d2df8c4176e4.mp4
11808650,1080p,https://us-xpc11.xpccdn.com/b2ff04f8-2201-4a55-a7ba-89a5aacbd345.mp4
11808650,720p,https://us-xpc11.xpccdn.com/a39c7bb4-5806-414f-90c1-a3db21b6d489.mp4
12123852,4k,https://us-xpc5.xpccdn.com/71d8b137-ea84-4500-be32-710cb7efee6d.mp4
12123852,1080p,https://us-xpc5.xpccdn.com/b2f608c1-a908-4535-b9f0-e9bd9e963d73.mp4
12123852,720p,https://us-xpc5.xpccdn.com/f2b6d582-516b-40f4-92d6-13e685addf76.mp4
12123852,360p,https://us-xpc5.xpccdn.com/9c9620f0-8223-4b61-8ccc-026bb8f65816.mp4
12548116,4k,https://us-xpc5.xpccdn.com/433995e7-5e8b-4fe0-9574-e786110d3f55/f4fd9381-de12-42db-90fd-cd12ab43eb90.mp4
12548116,1080p,https://us-xpc5.xpccdn.com/433995e7-5e8b-4fe0-9574-e786110d3f55/07f00a7d-aef1-4087-a26b-b117fb1c2566.mp4
12548116,720p,https://us-xpc5.xpccdn.com/433995e7-5e8b-4fe0-9574-e786110d3f55/178fca54-ce21-4f56-aa29-573ba863e993.mp4
12548116,360p,https://us-xpc5.xpccdn.com/433995e7-5e8b-4fe0-9574-e786110d3f55/c054fddf-edf3-4ffb-804e-4c30f98a0645.mp4
11669038,4k,https://us-xpc5.xpccdn.com/3d0764f1-f23c-4eed-9e90-dbc17bf43e4a.mp4
11669038,1080p,https://us-xpc5.xpccdn.com/4b06ee0b-6507-44e1-a7a1-477da28be308.mp4
11669038,720p,https://us-xpc5.xpccdn.com/fbe6e551-ff34-42d8-af55-2c29ad2e0b1b.mp4
11669038,360p,https://us-xpc5.xpccdn.com/b03b2754-ccf1-4374-a4bc-dd66250829b5.mp4
12411507,1080p,https://us-xpc5.xpccdn.com/59e9411b-0efe-4f58-bf05-82838acbd55b.mp4
12411507,720p,https://us-xpc5.xpccdn.com/5ea75678-b6ff-4ff6-9a11-eb3d79eb646c.mp4
12411507,360p,https://us-xpc5.xpccdn.com/efa5202c-7f1b-4aee-9749-e531d7e18e3b.mp4
11884131,1080p,https://us-xpc5.xpccdn.com/e7bfc1ce-5178-4ad8-b68e-f71f2998fab1.mp4
11884131,720p,https://us-xpc5.xpccdn.com/73e51e74-4904-477b-bebc-25bfff3e09ec.mp4
11884131,360p,https://us-xpc5.xpccdn.com/543f7159-c9ee-4ecb-a88c-1dbe6fa6f024.mp4
12179056,1080p,https://us-xpc11.xpccdn.com/5fded8ff-bd95-4bca-bc2e-34136a6a8d44.mp4
12179056,720p,https://us-xpc11.xpccdn.com/9bb847dd-5698-4d33-9e75-d28e9dabb7f9.mp4
12223354,1080p,https://us-xpc5.xpccdn.com/67bcd40a-8567-401c-84ad-dda0742ae369.mp4
12223354,720p,https://us-xpc5.xpccdn.com/9c051e4f-25b9-4927-9897-62b3516e2b00.mp4
12307146,2k,https://us-xpc5.xpccdn.com/5eaaa698-ba74-4df7-9ed9-a18b2302dbcf.mp4
12307146,1080p,https://us-xpc5.xpccdn.com/680af5c5-83b4-42f0-bebe-c5567ab0d91c.mp4
12307146,720p,https://us-xpc5.xpccdn.com/43884b0d-714a-40a6-a34f-649060ee5bc7.mp4
12307146,360p,https://us-xpc5.xpccdn.com/bf89a2b5-7a36-49fd-ad71-dc7037762192.mp4
12310213,2k,https://us-xpc5.xpccdn.com/e660ebdf-f0f6-49d7-bf9c-b0ec5b8cd03e.mp4
12310213,1080p,https://us-xpc5.xpccdn.com/d79e39ca-97ae-4f28-a340-fd211fc02bbf.mp4
12310213,720p,https://us-xpc5.xpccdn.com/14f5d705-f600-4535-b576-899a321060d3.mp4
12310213,360p,https://us-xpc5.xpccdn.com/550d4247-5808-4fbb-8da0-944e0de27af7.mp4
12474432,1080p,https://us-xpc5.xpccdn.com/17d8c04e-a594-4a14-9235-d719f5796be6.mp4
12474432,720p,https://us-xpc5.xpccdn.com/9f5d828a-cdce-408f-88c6-0385fe39c4a8.mp4
12474432,360p,https://us-xpc5.xpccdn.com/fddf9008-08ff-46b5-88e3-7d011f8e80fa.mp4
12446721,1080p,https://us-xpc11.xpccdn.com/de645459-4f5e-402a-9be5-f689a340dc37.mp4
12446721,720p,https://us-xpc11.xpccdn.com/8554cf16-ceaa-4b08-8bbb-63bea620df1a.mp4
12446721,360p,https://us-xpc11.xpccdn.com/f58d642c-8c7f-4e1d-9c6e-d88f17aa2229.mp4
12385534,1080p,https://us-xpc5.xpccdn.com/a3e6c94e-067e-4d35-9892-9b1a93f5e7ab.mp4
12385534,720p,https://us-xpc5.xpccdn.com/f195e07f-acd4-4846-9943-9fcdf48aef47.mp4
12385534,360p,https://us-xpc5.xpccdn.com/275a1e25-4243-41ef-a075-2a2a1dfdea21.mp4
12298136,1080p,https://us-xpc5.xpccdn.com/ed48e3c5-ac44-4ee8-9c58-71f3b0c14c79.mp4
12298136,720p,https://us-xpc5.xpccdn.com/106f694e-87b0-4de1-a750-37fd03473faa.mp4
12298136,360p,https://us-xpc5.xpccdn.com/fe5f0fba-c0e3-49df-a2ab-f60114f70a9d.mp4
12127107,4k,https://us-xpc11.xpccdn.com/da746009-06cd-4993-a41e-24485b9c5af1.mp4
12127107,1080p,https://us-xpc11.xpccdn.com/041e9ab3-af44-4299-be88-5338b476fab3.mp4
12127107,720p,https://us-xpc11.xpccdn.com/3b98c7df-6dfe-4a89-a8a3-adfde0ce2b15.mp4
12127107,360p,https://us-xpc11.xpccdn.com/972a4728-79ec-4e06-ad05-7122df2d99e8.mp4
12362541,1080p,https://us-xpc5.xpccdn.com/e53c14b6-17a5-4a2b-aca5-9ebb6e86a2b7.mp4
12362541,720p,https://us-xpc5.xpccdn.com/36f85cb7-14bf-4571-b429-b4c2c06efccc.mp4
12362541,360p,https://us-xpc5.xpccdn.com/9c8304e4-6526-4e7a-b571-015e1ed8841e.mp4
12235315,1080p,https://us-xpc11.xpccdn.com/d4bf1966-46c0-4d0c-bec1-a4d5216c0675.mp4
12235315,720p,https://us-xpc11.xpccdn.com/49423453-e1bc-4e14-98ce-4a2cc37c3151.mp4
12235315,360p,https://us-xpc11.xpccdn.com/492afdbb-5029-4d47-9045-75d59913fe9d.mp4
12339247,1080p,https://us-xpc5.xpccdn.com/87900ea1-5aa9-470b-ba90-a9295d39856a.mp4
12339247,720p,https://us-xpc5.xpccdn.com/8770c514-7485-49e5-b998-b3b0a9e385e5.mp4
12133514,1080p,https://us-xpc11.xpccdn.com/c6ede47b-febd-474f-8cb7-6baf06f5d811.mp4
12133514,720p,https://us-xpc11.xpccdn.com/88d6c7ac-3d80-4100-9351-17d4c94d9ac5.mp4
12133514,360p,https://us-xpc11.xpccdn.com/e7da2bc6-7dc8-46af-a7b2-0590359d41a1.mp4
12405003,4k,https://us-xpc5.xpccdn.com/d1c34558-2c70-43d7-8fea-96f6b6170cb8.mp4
12405003,1080p,https://us-xpc5.xpccdn.com/0ed85896-63b2-4c84-9b40-eebf36ab91bd.mp4
12405003,720p,https://us-xpc5.xpccdn.com/4b4e4eca-c233-45c9-b4dc-d869e02c9aa0.mp4
12405003,360p,https://us-xpc5.xpccdn.com/b5d05bad-8261-4065-af01-1a5e043e70d0.mp4
12188154,2k,https://us-xpc5.xpccdn.com/b4fc45df-41eb-46e3-89b4-d2acf8a7e16b.mp4
12188154,1080p,https://us-xpc5.xpccdn.com/a55208df-8d9d-4747-a21b-6550d9d78102.mp4
12188154,720p,https://us-xpc5.xpccdn.com/45926b87-350a-4855-9cc8-6e90c944e56f.mp4
12188154,360p,https://us-xpc5.xpccdn.com/a0c7149e-05fd-46d4-85c4-233a873fc542.mp4
10843670,1080p,https://us-xpc5.xpccdn.com/5f075c11c4c02.mp4
10843670,720p,https://us-xpc5.xpccdn.com/5f075c11df17a.mp4
10843670,360p,https://us-xpc5.xpccdn.com/5f075c122aca3.mp4
12342025,4k,https://us-xpc5.xpccdn.com/43fec7d6-6941-448d-9477-68141056b7b0.mp4
12342025,1080p,https://us-xpc5.xpccdn.com/3c1e057a-09c2-4d69-852c-8553d0665889.mp4
12342025,720p,https://us-xpc5.xpccdn.com/1d075f4e-ae74-4c17-b52c-e1ce75522388.mp4
12342025,360p,https://us-xpc5.xpccdn.com/47f6417e-0eac-4ea0-9e94-40509d8911fb.mp4
12347662,1080p,https://us-xpc5.xpccdn.com/a025cdc8-de17-4dd7-8a76-021ad16b45ab.mp4
12347662,720p,https://us-xpc5.xpccdn.com/e3277360-0eb6-4c83-bd40-a6095b7c2c36.mp4
12347662,360p,https://us-xpc5.xpccdn.com/04a40f23-db5f-41b8-be12-a1e9b6ae857f.mp4
12127678,4k,https://us-xpc11.xpccdn.com/5f5c9b41-2cc1-40c1-a2c7-9440f595ab1f.mp4
12127678,1080p,https://us-xpc11.xpccdn.com/59204040-0635-4b51-83fa-b5df3b12bacb.mp4
12127678,720p,https://us-xpc11.xpccdn.com/74935b6a-cb2f-4881-b9a9-d21f110016ec.mp4
12127678,360p,https://us-xpc11.xpccdn.com/7d93d6f7-f11b-4e78-8fad-908674e51724.mp4
12116363,4k,https://us-xpc5.xpccdn.com/16eb5a99-7a36-40ed-a9aa-f468a2146638.mp4
12116363,1080p,https://us-xpc5.xpccdn.com/44ae8d0b-4a7d-4805-b2f9-a0d774e2013f.mp4
12116363,720p,https://us-xpc5.xpccdn.com/ecdca49c-348d-462b-9590-999504fdce3b.mp4
12116363,360p,https://us-xpc5.xpccdn.com/a0b4b854-c7d8-490e-81bb-d1381c4c74a0.mp4
12187066,1080p,https://us-xpc5.xpccdn.com/738d3baa-58c9-48f8-b646-2fb851f21e7a.mp4
12187066,720p,https://us-xpc5.xpccdn.com/b8110ed3-859b-4ad8-b65f-b5e4d0bf2e91.mp4
12187066,360p,https://us-xpc5.xpccdn.com/cf49faaf-817a-4103-bcf1-6634acf143f8.mp4
12322921,1080p,https://us-xpc11.xpccdn.com/baa780e8-108a-4ed1-a45d-846c6aeab3cf.mp4
12322921,720p,https://us-xpc11.xpccdn.com/d9c482d5-af1d-4ae1-a9f3-5201ce055853.mp4
12322921,360p,https://us-xpc11.xpccdn.com/54a43e7d-00c7-401d-b1cd-7bd97a64722f.mp4
12097202,1080p,https://us-xpc5.xpccdn.com/22a1b937-23a6-4b0e-a4fa-51cdf15b2a55.mp4
12097202,720p,https://us-xpc5.xpccdn.com/2ed1fcf7-6222-412b-9a5d-a5274f9ddc5d.mp4
12097202,360p,https://us-xpc5.xpccdn.com/c8b9847f-f87b-4f30-9f90-2270a5e6b865.mp4
11714350,1080p,https://us-xpc5.xpccdn.com/429c8647-62c6-42f4-839f-394fd649f54b.mp4
11714350,720p,https://us-xpc5.xpccdn.com/11253a7c-877c-475d-975d-3b6af345b334.mp4
11714350,360p,https://us-xpc5.xpccdn.com/1801a077-ae07-42e4-8f29-65f37f7842be.mp4
11967125,2k,https://us-xpc5.xpccdn.com/7258faf8-0d80-4075-89e3-6ffe6eebb4a0.mp4
11967125,1080p,https://us-xpc5.xpccdn.com/6423a4d5-241f-4c65-a8a9-0485f7988b62.mp4
11967125,720p,https://us-xpc5.xpccdn.com/d2044341-ef1d-407d-8cb0-0ef27b784409.mp4
11967125,360p,https://us-xpc5.xpccdn.com/c7c9d883-50bf-44ca-9d02-45081c6a14bb.mp4
11163936,720p,https://us-xpc5.xpccdn.com/ad8f41b0-31d1-4239-9ca8-74d82a2d38dd.mp4
11163936,360p,https://us-xpc5.xpccdn.com/2a30358f-b617-40f2-8583-10000515a3ea.mp4
11818877,4k,https://us-xpc5.xpccdn.com/b46dd42d-e505-4800-b5d9-ea7d5f94543c.mp4
11818877,1080p,https://us-xpc5.xpccdn.com/01e5882c-1ba9-4e94-9eac-f9f62e3b0d2c.mp4
11818877,720p,https://us-xpc5.xpccdn.com/c8256053-f2b3-4103-9f8c-5b8cc1c559d6.mp4
11818877,360p,https://us-xpc5.xpccdn.com/7f3853f1-ccd5-47ad-9d72-808f855fd1db.mp4
11388299,720p,https://us-xpc11.xpccdn.com/dcb87b29-3849-48fd-a393-31f4440a2a1d.mp4
11388299,360p,https://us-xpc11.xpccdn.com/568f5fcd-749d-450c-b1dc-e8b53a4765b1.mp4
11044702,1080p,https://us-xpc11.xpccdn.com/0f66f37f-7259-4503-9c9d-b7b9cd1cc91f.mp4
11044702,720p,https://us-xpc11.xpccdn.com/a6dc153b-b7cf-497b-900b-c5cca1593372.mp4
11044702,360p,https://us-xpc11.xpccdn.com/dc4e8af5-d92f-4e30-9ce3-5a47422eb9c2.mp4
10523152,1080p,https://tencent-xpc5.xpccdn.com/5d67b46aefa37.mp4
10523152,720p,https://tencent-xpc5.xpccdn.com/5d67b46b0ff02.mp4
10523152,360p,https://tencent-xpc5.xpccdn.com/5d67b46b3e345.mp4
11119253,1080p,https://us-xpc5.xpccdn.com/10ef2fb8-79a4-4a5c-a1fb-27fb8ea57fcd.mp4
11119253,720p,https://us-xpc5.xpccdn.com/1114ed5a-3d9a-4598-96ce-e9206651fca5.mp4
11119253,360p,https://us-xpc5.xpccdn.com/8e575903-2aba-484b-a1ef-977eb066db9e.mp4
10318221,1080p,https://us-xpc11.xpccdn.com/5bc9ce0e005de.mp4
10318221,720p,https://us-xpc11.xpccdn.com/5bc9ce0e164db.mp4
10318221,360p,https://us-xpc11.xpccdn.com/5bc9ce0e41f33.mp4
11809965,1080p,https://us-xpc11.xpccdn.com/b888b459-b7f9-4dc9-8000-386a04fef0d4.mp4
11809965,720p,https://us-xpc11.xpccdn.com/fefa59f0-afd0-42b3-ba79-987ba57b6fc9.mp4
12082266,4k,https://us-xpc5.xpccdn.com/545029c5-69fc-4fa8-882b-9c9659031196.mp4
12082266,1080p,https://us-xpc5.xpccdn.com/da711757-2ffb-4f0d-a5c1-458bb8a77c03.mp4
12082266,720p,https://us-xpc5.xpccdn.com/f6061729-e55b-4ac1-8228-e19c1801544e.mp4
12082266,360p,https://us-xpc5.xpccdn.com/92c40384-1e51-4297-b58c-1681e3f0c468.mp4
10866534,4k,https://us-xpc5.xpccdn.com/7afcb422-6aae-49cb-b09f-8e79eca7fe7b.mp4
10866534,1080p,https://us-xpc5.xpccdn.com/a95b3c5a-a17c-49b0-a7f4-1d7ecc2fcd02.mp4
10866534,720p,https://us-xpc5.xpccdn.com/f751ff6e-36fd-43ad-8179-f99632a62602.mp4
10866534,360p,https://us-xpc5.xpccdn.com/3ec5e554-9a9d-4eba-9f7a-34b185105dec.mp4
10538112,1080p,https://tencent-xpc5.xpccdn.com/5d807932964dc.mp4
10538112,720p,https://tencent-xpc5.xpccdn.com/5d807932b4503.mp4
10538112,360p,https://tencent-xpc5.xpccdn.com/5d807932f1556.mp4
10282643,1080p,https://us-xpc11.xpccdn.com/5b5ffededfb43.mp4
10282643,720p,https://us-xpc11.xpccdn.com/5b5ffedf04087.mp4
10282643,360p,https://us-xpc11.xpccdn.com/5b5ffedf452aa.mp4
10898910,1080p,https://us-xpc5.xpccdn.com/d9d599c6-7696-47a7-8e53-3d135b41ad75.mp4
10898910,720p,https://us-xpc5.xpccdn.com/3c493452-8ab7-4150-86be-d6b25b88da19.mp4
10898910,360p,https://us-xpc5.xpccdn.com/24c270f2-42eb-4e1d-aaeb-ea318b5f94e4.mp4
11630587,1080p,https://us-xpc5.xpccdn.com/bae69080-c084-4d55-849c-3aedc6e98f86.mp4
11630587,720p,https://us-xpc5.xpccdn.com/2a0a152c-f8e3-4523-b28e-1a3b2758de10.mp4
11630587,360p,https://us-xpc5.xpccdn.com/7ea93906-eefb-4698-ab38-5c1366be7d89.mp4
11859015,1080p,https://us-xpc5.xpccdn.com/874ef829-ce9f-40e4-8523-6bf1bb90ab18.mp4
11859015,720p,https://us-xpc5.xpccdn.com/fb2bc592-7828-4b31-b105-b7c720334de8.mp4
11092839,1080p,https://us-xpc5.xpccdn.com/8918b809-c0b3-475f-86d6-9ffc26bbfec2.mp4
11092839,720p,https://us-xpc5.xpccdn.com/82eb07e3-d728-45bf-9477-d1cad484adfe.mp4
11092839,360p,https://us-xpc5.xpccdn.com/5c4a923d-382d-4c88-b318-802bfcd5a0a4.mp4
10292405,1080p,https://us-xpc11.xpccdn.com/5b943f1f1086e.mp4
10292405,720p,https://us-xpc11.xpccdn.com/5b943f1f29a66.mp4
10292405,360p,https://us-xpc11.xpccdn.com/5b943f1f56e38.mp4
11159772,1080p,https://us-xpc5.xpccdn.com/b7c5859b-016d-4e06-ba49-b505703e662e.mp4
11159772,720p,https://us-xpc5.xpccdn.com/f1bf1756-84af-4ec0-ba8f-2ae135ea3c67.mp4
11159772,360p,https://us-xpc5.xpccdn.com/62dc8ab9-b16e-4770-9cc9-0d69d74ed291.mp4
11403007,1080p,https://us-xpc11.xpccdn.com/8bb559c7-7ffe-42ae-8f6a-1428ccac3608.mp4
11403007,720p,https://us-xpc11.xpccdn.com/a1ac5fdd-3ebf-4f68-ba20-5be2297967ed.mp4
11403007,360p,https://us-xpc11.xpccdn.com/efecf43e-5e30-4dce-a0b1-dacbb4a6e95d.mp4
10896769,1080p,https://us-xpc5.xpccdn.com/35bd5691-3c51-4b16-a2c8-3f2eac408227.mp4
10896769,720p,https://us-xpc5.xpccdn.com/6026189c-3f1c-4ffa-bfa8-6f2c939802c8.mp4
10896769,360p,https://us-xpc5.xpccdn.com/c25bb4df-39c9-4843-9e44-aaada1837ba9.mp4
11763780,4k,https://us-xpc5.xpccdn.com/583c1baf-de82-4f20-a26a-97de5a5ccb13.mp4
11763780,1080p,https://us-xpc5.xpccdn.com/6074fddb-d6aa-4e67-b5f2-ce8a292e3898.mp4
11763780,720p,https://us-xpc5.xpccdn.com/e268d4d4-06f0-40cf-a207-8bae8773965c.mp4
11763780,360p,https://us-xpc5.xpccdn.com/ba3baf73-58ea-4839-834f-fbb98c96adff.mp4
11064491,1080p,https://us-xpc11.xpccdn.com/ca809fc8-b10a-47c7-9370-805bb355a20e.mp4
11064491,720p,https://us-xpc11.xpccdn.com/e35f4709-dc2c-4744-9c8b-748edc969c7d.mp4
11064491,360p,https://us-xpc11.xpccdn.com/44d9bd2f-5b9e-4072-896c-17aab35fe0bf.mp4
10499240,1080p,https://qiniu-video0.xpccdn.com/5acda7aa5f2be.mp4
10499240,720p,https://qiniu-video0.xpccdn.com/5acda7aa7678b.mp4
10499240,360p,https://qiniu-video0.xpccdn.com/5acda7aab7eea.mp4
11773479,1080p,https://us-xpc11.xpccdn.com/df3b7806-f5a2-46cf-9b5b-6f5a35ba0920.mp4
11773479,720p,https://us-xpc11.xpccdn.com/7901ca8a-4fb0-4d30-be90-4f93557342e7.mp4
11147766,1080p,https://us-xpc5.xpccdn.com/2958a646-7e92-48e0-9f83-209b0e769a1e.mp4
11147766,720p,https://us-xpc5.xpccdn.com/ebf29e04-9d56-4d4b-9188-544bd44e5bc4.mp4
11147766,360p,https://us-xpc5.xpccdn.com/2582b3fb-0dcc-4658-95ef-723b927cf96d.mp4
10957303,1080p,https://us-xpc5.xpccdn.com/83333e3f-3818-4d48-833a-2d5de554f7b3.mp4
10957303,720p,https://us-xpc5.xpccdn.com/f4dc6f37-09c6-4106-810f-1c689127468b.mp4
10957303,360p,https://us-xpc5.xpccdn.com/1ed5519c-7179-4103-b6a5-ef4354ef9516.mp4
11447012,1080p,https://us-xpc5.xpccdn.com/c72c21e3-a5a8-463f-8e4b-b456a243165c.mp4
11447012,720p,https://us-xpc5.xpccdn.com/f2c56274-5249-4511-865d-24604d9544d6.mp4
11447012,360p,https://us-xpc5.xpccdn.com/6406790b-7a61-4f35-a8f6-4e70e57a14b2.mp4
11721458,1080p,https://us-xpc5.xpccdn.com/fb0518f1-cca5-4373-a498-6666be2b7fd8.mp4
11721458,720p,https://us-xpc5.xpccdn.com/3dd2cfdf-938b-47bb-8a4d-a97352679b18.mp4
11721458,360p,https://us-xpc5.xpccdn.com/1cb55e56-093b-4c52-afea-350c73a0f71c.mp4
11212371,1080p,https://us-xpc5.xpccdn.com/455becd3-66e0-481a-b135-e22184dd86b6.mp4
11212371,720p,https://us-xpc5.xpccdn.com/8d636c24-5d00-4d9a-be79-8ffc68963864.mp4
11212371,360p,https://us-xpc5.xpccdn.com/e60e6a3d-fcf3-4253-8c1c-f126852b8049.mp4
11182923,720p,https://us-xpc5.xpccdn.com/b2312008-b6c9-4168-a3b7-9f6f91ae4b44.mp4
11182923,360p,https://us-xpc5.xpccdn.com/49cf07b9-fce8-406d-9099-6c5a1b7c40bf.mp4
10941936,1080p,https://us-xpc5.xpccdn.com/5745bd70-f6d5-49d0-82d9-94967fdaeb8a.mp4
10941936,720p,https://us-xpc5.xpccdn.com/52f99403-b97d-4975-8983-6dc4fb4d1522.mp4
10941936,360p,https://us-xpc5.xpccdn.com/12564060-9d82-4c14-a102-e6479cdb3ef2.mp4
11815172,1080p,https://us-xpc5.xpccdn.com/8ce0b893-e324-49b6-a296-1ba2713c62fa.mp4
11815172,720p,https://us-xpc5.xpccdn.com/b89e4029-e053-4fd0-bee1-963185a47576.mp4
12068771,1080p,https://us-xpc5.xpccdn.com/ab2f4b3e-9911-4974-a2cc-56c0e291ee5b.mp4
12068771,720p,https://us-xpc5.xpccdn.com/1c32d0f4-d6c7-4454-9b83-e29eeddc9460.mp4
12068771,360p,https://us-xpc5.xpccdn.com/6b23012f-e1df-49a5-977c-3e59d87c25fd.mp4
11186601,4k,https://us-xpc11.xpccdn.com/a311d0fc-28f1-4d5a-ac4b-d72a0554f9d8.mp4
11186601,1080p,https://us-xpc11.xpccdn.com/bfd11036-2950-4533-aad9-bc294fff91c5.mp4
11186601,720p,https://us-xpc11.xpccdn.com/e8f09122-b7c1-4306-b364-d5d36662f8eb.mp4
11186601,360p,https://us-xpc11.xpccdn.com/a63931ba-f783-403b-aee4-10a6581b9d17.mp4
10875492,1080p,https://us-xpc5.xpccdn.com/42eecb27-5939-4b49-a2f4-53c90858580c.mp4
10875492,720p,https://us-xpc5.xpccdn.com/2db9bbd6-83d0-4e6c-b0fd-e531927e3216.mp4
10875492,360p,https://us-xpc5.xpccdn.com/440939a0-8e27-466b-bb77-822a7dfc7b38.mp4
12005462,1080p,https://us-xpc5.xpccdn.com/6ac05668-a01b-4f5a-a669-2e18a2a6a955.mp4
12005462,720p,https://us-xpc5.xpccdn.com/993cff4b-0623-45a6-85ca-71256dba2c7a.mp4
12005462,360p,https://us-xpc5.xpccdn.com/a99285a8-52a9-4894-ba20-a0ab14114965.mp4
11789341,1080p,https://us-xpc5.xpccdn.com/c60ba488-07f9-4cb5-9270-d9fa49f686a6.mp4
11789341,720p,https://us-xpc5.xpccdn.com/aa82025e-b8a2-4429-8baa-110acaf4503f.mp4
12040264,2k,https://us-xpc5.xpccdn.com/bf69a949-b7e5-4dba-a5bb-441b9484a188.mp4
12040264,1080p,https://us-xpc5.xpccdn.com/41669b80-b272-439c-a6be-5119161e80a9.mp4
12040264,720p,https://us-xpc5.xpccdn.com/81291412-87bf-4cac-b41c-24b4aa858bf1.mp4
12040264,360p,https://us-xpc5.xpccdn.com/a23ecf8f-02dc-44fd-9271-b6cc0d8de049.mp4
11877352,1080p,https://us-xpc11.xpccdn.com/79ce1a57-99d8-45d1-ad39-dcc7aff1d348.mp4
11877352,720p,https://us-xpc11.xpccdn.com/303b824f-9340-4c6e-9750-4234802513b2.mp4
11877352,360p,https://us-xpc11.xpccdn.com/e5fa5263-994e-486e-8a7c-8816972cc85b.mp4
11567193,1080p,https://us-xpc5.xpccdn.com/3f1ebd7b-063f-4062-af8e-87ed6feebdf3.mp4
11567193,720p,https://us-xpc5.xpccdn.com/f04b7e17-43e1-4ae3-af69-6420949c3362.mp4
11567193,360p,https://us-xpc5.xpccdn.com/560011c9-4284-4644-a1eb-c6e77ebf7ad2.mp4
11441974,1080p,https://us-xpc5.xpccdn.com/2ab00e20-de76-4d73-bbce-d2d922ea2963.mp4
11441974,720p,https://us-xpc5.xpccdn.com/83a3cbdc-0d6f-46db-ab11-c94d2911acd5.mp4
11441974,360p,https://us-xpc5.xpccdn.com/452b487c-0413-4d8d-9b9e-6277c246b6aa.mp4
11137625,1080p,https://us-xpc5.xpccdn.com/303883bf-b2b2-4c71-a5fa-9ed06e03a0df.mp4
11137625,720p,https://us-xpc5.xpccdn.com/4044eb12-3cea-4152-8ea7-450e49854020.mp4
11137625,360p,https://us-xpc5.xpccdn.com/ad2b4d95-d260-4b4f-aa31-81891dc10572.mp4
11529749,1080p,https://us-xpc5.xpccdn.com/0657a0a7-f7fb-451c-8948-fc7059652663.mp4
11529749,720p,https://us-xpc5.xpccdn.com/aafd6832-7181-487f-9d58-b191d5e57e96.mp4
11529749,360p,https://us-xpc5.xpccdn.com/e44f6637-7367-4317-a7fc-ae64bd3aa19e.mp4
12432487,1080p,https://us-xpc11.xpccdn.com/cc7ecef6-40e1-468e-8b18-970eeb38c79c.mp4
12432487,720p,https://us-xpc11.xpccdn.com/431bc99d-f476-4548-bbfc-d929f52ba91f.mp4
12432487,360p,https://us-xpc11.xpccdn.com/0195cb98-276e-4fd7-a6ac-cdb28e92ec55.mp4
11583047,1080p,https://us-xpc5.xpccdn.com/7437fd3a-e647-4149-8ac0-23ca878d6804.mp4
11583047,720p,https://us-xpc5.xpccdn.com/0dfe1f03-f092-4582-91ed-afb8d68f5f67.mp4
11583047,360p,https://us-xpc5.xpccdn.com/a51d33b4-55a4-41d6-8cd6-73e56a66687f.mp4
11787435,1080p,https://us-xpc5.xpccdn.com/031642ea-ff3f-4219-84ae-891b010eb74b.mp4
12439195,1080p,https://us-xpc5.xpccdn.com/2bc0425e-39db-499e-9382-81c3f7984279.mp4
12439195,720p,https://us-xpc5.xpccdn.com/fb04d29c-d872-45f0-ac83-49711ab4212f.mp4
12439195,360p,https://us-xpc5.xpccdn.com/5d9f18bd-98d8-4bd2-9c4c-472724788c27.mp4
10775951,1080p,https://us-xpc5.xpccdn.com/5ebe7f1ba415a.mp4
10775951,720p,https://us-xpc5.xpccdn.com/5ebe7f1bbb1c2.mp4
10775951,360p,https://us-xpc5.xpccdn.com/5ebe7f1bee1e5.mp4
12070701,4k,https://us-xpc5.xpccdn.com/11be46d6-3525-4622-bc77-48e45babf602.mp4
12070701,1080p,https://us-xpc5.xpccdn.com/dabd4708-10e8-4c43-b73d-7b16184099c3.mp4
12070701,720p,https://us-xpc5.xpccdn.com/e899eb80-be07-40b0-92cb-0fa4d89683b2.mp4
12070701,360p,https://us-xpc5.xpccdn.com/cd674186-df95-40ff-869a-89f9148d86de.mp4
11614266,4k,https://us-xpc11.xpccdn.com/bcedaf36-4cd0-4154-863f-4ae611fced58.mp4
11614266,1080p,https://us-xpc11.xpccdn.com/1d50589a-13b2-4d1b-ad46-57e6452312b6.mp4
11614266,720p,https://us-xpc11.xpccdn.com/6f756eaf-a43f-4316-800e-d135368dddf9.mp4
11614266,360p,https://us-xpc11.xpccdn.com/70ff0643-2922-4c1b-8715-05e989f52624.mp4
11790356,4k,https://us-xpc5.xpccdn.com/0588a17b-487a-499e-b9e7-04f69bcb0b1f.mp4
11790356,1080p,https://us-xpc5.xpccdn.com/0ed579cf-e8f5-49a4-a0d6-445cbd4080ff.mp4
11790356,720p,https://us-xpc5.xpccdn.com/6f9ebfac-dbe7-4fa4-b26d-61772c4f5633.mp4
12073551,4k,https://us-xpc11.xpccdn.com/607119dc-4654-4319-827b-49b802a2c7fb.mp4
12073551,1080p,https://us-xpc11.xpccdn.com/b7c68ca3-9dd6-4e78-bbaf-0a36747dd502.mp4
12073551,720p,https://us-xpc11.xpccdn.com/5bc34c59-9f92-495b-a7ca-ff1a41364244.mp4
12073551,360p,https://us-xpc11.xpccdn.com/1bdfd2d3-47f9-41b0-a597-edf1526d1f73.mp4
11842177,1080p,https://us-xpc5.xpccdn.com/6a1aa041-76a9-4ea5-86b7-d9cef3bd9bd7.mp4
11842177,720p,https://us-xpc5.xpccdn.com/2e7e151e-9d72-4cec-9bd2-981d8675a9ec.mp4
11842177,360p,https://us-xpc5.xpccdn.com/2f8bf793-8474-421f-b31b-4daf83d6c6af.mp4
11945522,1080p,https://us-xpc5.xpccdn.com/92d5e3fa-bf8b-4aae-af40-43d82b075d79.mp4
11945522,720p,https://us-xpc5.xpccdn.com/3d23d6cb-ff42-495f-9b23-33c325c5a468.mp4
11945522,360p,https://us-xpc5.xpccdn.com/4e5eab2e-be70-483e-95f3-5362902c32ee.mp4
11617927,1080p,https://us-xpc5.xpccdn.com/e7fd2f80-565a-43a7-8e5c-9c3826627144.mp4
11617927,720p,https://us-xpc5.xpccdn.com/1e259248-57fd-40f1-bb40-f7cb788ba6a6.mp4
11617927,360p,https://us-xpc5.xpccdn.com/7fe136a1-7524-4ce3-91a5-56788feb28a6.mp4
11838361,1080p,https://us-xpc5.xpccdn.com/e651176a-2017-409e-b341-7f46065c50ae.mp4
11838361,720p,https://us-xpc5.xpccdn.com/f32cd47c-839d-4ce8-8aac-43b174197e67.mp4
11838361,360p,https://us-xpc5.xpccdn.com/43c943b7-0fd1-4f9c-a382-3a6a348bdb4f.mp4
10957127,1080p,https://us-xpc5.xpccdn.com/fb6692cd-97ba-49f0-9708-f73a35b3dfd5.mp4
10957127,720p,https://us-xpc5.xpccdn.com/f8474194-7e3e-43f6-836c-1ba3e7d1b9b6.mp4
10957127,360p,https://us-xpc5.xpccdn.com/8a1dc0fa-5055-42cb-9679-a224c00c2825.mp4
11901426,1080p,https://us-xpc5.xpccdn.com/2aab0742-2150-4b37-9d54-654c88e224e9.mp4
11901426,720p,https://us-xpc5.xpccdn.com/2c0ca4e2-3415-4f70-89ae-c2114197dcc8.mp4
11901426,360p,https://us-xpc5.xpccdn.com/0bf2608d-a2d0-4b09-8485-68c4031969d6.mp4
11051173,2k,https://us-xpc5.xpccdn.com/d00278f1-c488-43b6-abaa-cc49fedcdd0f.mp4
11051173,1080p,https://us-xpc5.xpccdn.com/39f9de3d-c801-42b6-9b6a-4991401fa729.mp4
11051173,720p,https://us-xpc5.xpccdn.com/e44a2466-b463-446e-bdc5-c2c4f788065a.mp4
11051173,360p,https://us-xpc5.xpccdn.com/12efbe7b-292d-4f1d-ac90-cafd2fdcda12.mp4
10191015,1080p,https://tencent-xpc5.xpccdn.com/5b332c1d710ec.mp4
10191015,720p,https://tencent-xpc5.xpccdn.com/5b332c1e4ae9b.mp4
10191015,360p,https://tencent-xpc5.xpccdn.com/5b332c20ad5c2.mp4
11131047,1080p,https://us-xpc5.xpccdn.com/7126a750-45eb-4ff5-8664-674a59f2ecb3.mp4
11131047,720p,https://us-xpc5.xpccdn.com/f132e449-2f94-4deb-b5d1-bbf212e97ad7.mp4
11131047,360p,https://us-xpc5.xpccdn.com/63389ebd-5bf7-4b53-9eb6-2ac085cdf69c.mp4
11488099,1080p,https://us-xpc5.xpccdn.com/8990e14a-125d-47c9-aaeb-74da023e4693.mp4
11488099,720p,https://us-xpc5.xpccdn.com/c8a7aa7f-7bc2-48cb-b15a-8c676e8e8f86.mp4
11488099,360p,https://us-xpc5.xpccdn.com/f63a196b-0fa0-4c18-b97c-69b048f0f27f.mp4
12436924,4k,https://us-xpc5.xpccdn.com/859485f2-3dce-4b4d-8e3f-d140b80d8a6c.mp4
12436924,1080p,https://us-xpc5.xpccdn.com/0af895c2-d32b-4d71-9db0-92e4019c20ca.mp4
12436924,720p,https://us-xpc5.xpccdn.com/a28c5e26-67b6-41a4-8c8a-e8d0dd4d8951.mp4
12436924,360p,https://us-xpc5.xpccdn.com/f7cd1c89-f893-42e2-974b-0ae0646c4bee.mp4
11109114,4k,https://us-xpc5.xpccdn.com/97ecb0e3-e638-4997-a740-9f01c2259d82.mp4
11109114,1080p,https://us-xpc5.xpccdn.com/b15cb376-a905-4a81-9e74-3685e88110fe.mp4
11109114,720p,https://us-xpc5.xpccdn.com/8c136d37-e63c-4bd4-a417-37a9df730f3b.mp4
11109114,360p,https://us-xpc5.xpccdn.com/5b538ea5-28e9-4678-abbb-985e980d027e.mp4
11656600,1080p,https://us-xpc11.xpccdn.com/79800afe-5219-40f0-b2d8-95fb6b6e8c77.mp4
11656600,720p,https://us-xpc11.xpccdn.com/02728455-aaf5-4d28-88cd-d3086515fe1c.mp4
11656600,360p,https://us-xpc11.xpccdn.com/6ff95c90-38f1-41e6-b8eb-35a9a961646c.mp4
12456328,1080p,https://us-xpc5.xpccdn.com/066b4dd0-0e64-4ab3-a829-b435c5ed1c87.mp4
12456328,720p,https://us-xpc5.xpccdn.com/323fc576-12aa-434e-94f8-e98b438eb99c.mp4
12456328,360p,https://us-xpc5.xpccdn.com/9c597647-fa59-4de8-b084-6ca03b360f7c.mp4
11829341,1080p,https://us-xpc5.xpccdn.com/6d894d05-10c1-4859-a26c-bb5867bb4b37.mp4
11829341,720p,https://us-xpc5.xpccdn.com/6a462f09-91aa-43ce-b535-c383726a2cd7.mp4
11829341,360p,https://us-xpc5.xpccdn.com/6c977e90-f37d-45d8-8377-13b9ab01e631.mp4
12398523,1080p,https://us-xpc5.xpccdn.com/f94ebf8c-7128-4229-bb66-223dc0240ecb.mp4
12398523,720p,https://us-xpc5.xpccdn.com/68cc3d6a-cbac-47db-b49d-53a76ca8b4e8.mp4
12398523,360p,https://us-xpc5.xpccdn.com/0195a9c5-b3c0-4c4b-b736-5ea03c01c952.mp4
11863011,4k,https://us-xpc5.xpccdn.com/c679a6ab-f83a-4681-89bd-efcaf405ccb1.mp4
11863011,1080p,https://us-xpc5.xpccdn.com/b657d712-4541-410f-9658-8316d5548717.mp4
11863011,720p,https://us-xpc5.xpccdn.com/d756d656-0012-4002-9ea9-9942fa86ff6c.mp4
11863011,360p,https://us-xpc5.xpccdn.com/586e743d-d1c6-40f6-b40a-5b7de743901d.mp4
12277659,2k,https://us-xpc5.xpccdn.com/ba1d0bb2-1c50-4cc9-afca-e930090619d2.mp4
12277659,1080p,https://us-xpc5.xpccdn.com/12aa67e4-1792-4d81-ae4e-0ab6b3add9b7.mp4
12277659,720p,https://us-xpc5.xpccdn.com/46afa40c-5834-443e-9017-e66bcb462301.mp4
12277659,360p,https://us-xpc5.xpccdn.com/782f8e9f-3767-404a-88f7-728c3c26caba.mp4
10928091,1080p,https://us-xpc5.xpccdn.com/44552cc2-63b7-4c80-a0cd-086bcc4dac6f.mp4
10928091,720p,https://us-xpc5.xpccdn.com/81a3b74d-4e4d-4572-a583-443943a6e0cc.mp4
10928091,360p,https://us-xpc5.xpccdn.com/e08b871a-f0b7-4a2a-8d06-609f82200f5d.mp4
11735479,1080p,https://us-xpc5.xpccdn.com/80285c93-543f-4b3e-8b9b-08800ea761fd.mp4
11735479,720p,https://us-xpc5.xpccdn.com/4129a1f3-eb38-4aa2-bcbc-3ab45febe9da.mp4
10865038,1080p,https://us-xpc5.xpccdn.com/105fe000-dee9-4907-9232-fbba94dd99e3.mp4
10865038,720p,https://us-xpc5.xpccdn.com/2075bf0b-e25c-4a83-ab2b-69d357768d93.mp4
10865038,360p,https://us-xpc5.xpccdn.com/c66fb2bc-529a-4f02-9650-17b229cb5f30.mp4
11061567,1080p,https://us-xpc5.xpccdn.com/4f23c596-f6e9-4615-a924-8c7a16491fc4.mp4
11061567,720p,https://us-xpc5.xpccdn.com/669de53e-631c-416c-8954-4b962a38b780.mp4
11061567,360p,https://us-xpc5.xpccdn.com/4601b354-fd2c-475c-97b8-c21f78a9c22a.mp4
11903624,1080p,https://us-xpc11.xpccdn.com/7755738d-5cf9-47c1-b077-d5cadadd4ee8.mp4
11903624,720p,https://us-xpc11.xpccdn.com/c465855a-9c94-4f26-8293-a0d944ff08c0.mp4
11903624,360p,https://us-xpc11.xpccdn.com/aed27c96-f04b-4b2e-8aa4-e2279bc32609.mp4
11994533,4k,https://us-xpc11.xpccdn.com/00573448-2188-44d0-a9d9-5590ab598124.mp4
11994533,1080p,https://us-xpc11.xpccdn.com/4d471d80-b50b-4d29-81d3-e4f702ea5965.mp4
11994533,720p,https://us-xpc11.xpccdn.com/a3d25d19-5f3b-4609-85a0-73e4f72c8a9b.mp4
11994533,360p,https://us-xpc11.xpccdn.com/948bc51d-4f0d-41d4-8058-4a3bc70ebd3f.mp4
12348821,1080p,https://us-xpc5.xpccdn.com/989f44e8-edc0-4c7c-b9c9-d47944e5e759.mp4
12348821,720p,https://us-xpc5.xpccdn.com/11354e67-755e-4265-a49e-04a5866993a5.mp4
12348821,360p,https://us-xpc5.xpccdn.com/d79873cf-7b4c-4680-a20c-840c1713067b.mp4
10781024,1080p,https://us-xpc5.xpccdn.com/5ec4b8da51f1f.mp4
10781024,720p,https://us-xpc5.xpccdn.com/5ec4b8da6abb6.mp4
10781024,360p,https://us-xpc5.xpccdn.com/5ec4b8da95f8d.mp4
11852710,4k,https://us-xpc5.xpccdn.com/dd803b19-db58-40b2-aa0c-a9145565e284.mp4
11852710,1080p,https://us-xpc5.xpccdn.com/9afb03bc-f6d5-4a51-91ba-02f42e99ad08.mp4
11852710,720p,https://us-xpc5.xpccdn.com/70604c62-df2c-4224-a1b8-b31cb6eb5f68.mp4
11852710,360p,https://us-xpc5.xpccdn.com/836374cb-30cc-4df7-8488-9c07b6c7f49e.mp4
11515895,1080p,https://us-xpc5.xpccdn.com/7bcc40a6-631e-495e-aa27-c1c686501467.mp4
11515895,720p,https://us-xpc5.xpccdn.com/eef3f95f-b2b5-413f-9a58-97c44116df12.mp4
11515895,360p,https://us-xpc5.xpccdn.com/276f4747-3029-4ac8-af60-75ebd6efa6c1.mp4
10913321,1080p,https://us-xpc5.xpccdn.com/01abe201-1a7d-4955-8678-2eef76b30d79.mp4
10913321,720p,https://us-xpc5.xpccdn.com/944b3e02-c02a-4658-9ef3-d4249393366a.mp4
10913321,360p,https://us-xpc5.xpccdn.com/accdcda4-27a3-4df5-b5fa-ae0253eecc39.mp4
12422994,4k,https://us-xpc11.xpccdn.com/203fe0e8-53a5-4829-9b2e-d6294f5b88f2.mp4
12422994,1080p,https://us-xpc11.xpccdn.com/242e733e-c14f-46d3-88c4-003778d77e03.mp4
12422994,720p,https://us-xpc11.xpccdn.com/7f877018-976c-4e80-8b8a-9387d97c8d7e.mp4
12422994,360p,https://us-xpc11.xpccdn.com/8e6c7adc-41f7-44ee-aba2-1c0fcbb9db59.mp4
11850247,1080p,https://us-xpc5.xpccdn.com/2ec8fa93-36ff-422f-8329-eca52f8dea38.mp4
11850247,720p,https://us-xpc5.xpccdn.com/b1c4d1ed-6cf3-4a38-b67d-8491c5562da8.mp4
11850247,360p,https://us-xpc5.xpccdn.com/3be49e2e-ae46-42cb-8752-a98ee85671a5.mp4
12388104,2k,https://us-xpc5.xpccdn.com/6b94a154-b5ce-4006-8c67-52678f865f31.mp4
12388104,1080p,https://us-xpc5.xpccdn.com/bc361cba-a1e9-4e76-b082-a892037e3d09.mp4
12388104,720p,https://us-xpc5.xpccdn.com/59ef3c59-d3a5-4a44-a793-868853f564e1.mp4
12388104,360p,https://us-xpc5.xpccdn.com/affbf2c5-9ea7-42d8-8aa1-e52589ebe00c.mp4
10466479,1080p,https://qiniu-video0.xpccdn.com/5aa0eba224539.mp4
10466479,720p,https://qiniu-video0.xpccdn.com/5aa0eba237c93.mp4
10466479,360p,https://qiniu-video0.xpccdn.com/5aa0eba28668d.mp4
10291339,1080p,https://us-xpc5.xpccdn.com/5b778feb1516d.mp4
10291339,720p,https://us-xpc5.xpccdn.com/5b778feb2a717.mp4
10291339,360p,https://us-xpc5.xpccdn.com/5b778feb591b2.mp4
11598295,4k,https://us-xpc5.xpccdn.com/35171f86-89bd-42d8-987d-82d8466d1008.mp4
11598295,1080p,https://us-xpc5.xpccdn.com/ab461ef0-1b54-4ab2-bea7-6c3121818132.mp4
11598295,720p,https://us-xpc5.xpccdn.com/38fb5d75-4eb4-4df8-83f1-de50783ceb8b.mp4
11598295,360p,https://us-xpc5.xpccdn.com/9407dfdb-7007-4e2c-ae58-7b14f4a35e96.mp4
12024667,4k,https://us-xpc5.xpccdn.com/4c19b725-0e9d-4837-a7cc-48c6d4908c2e.mp4
12024667,1080p,https://us-xpc5.xpccdn.com/010dc090-25e3-4757-8e89-1dd497b7cdf2.mp4
12024667,720p,https://us-xpc5.xpccdn.com/7d9a8541-a902-4995-8f2f-6082ae92475b.mp4
12024667,360p,https://us-xpc5.xpccdn.com/1e767e24-f264-4b18-9bbe-196d69bed6f5.mp4
10844490,1080p,https://us-xpc5.xpccdn.com/5f0838da2cda8.mp4
10844490,720p,https://us-xpc5.xpccdn.com/5f0838da3e021.mp4
10844490,360p,https://us-xpc5.xpccdn.com/5f0838da69880.mp4
11194403,1080p,https://us-xpc5.xpccdn.com/ce21dd4b-db2e-4d7c-b9a9-1f82d6335a25.mp4
11194403,720p,https://us-xpc5.xpccdn.com/56d54ef7-178a-4796-b1c3-62ae0d3ab7b7.mp4
11194403,360p,https://us-xpc5.xpccdn.com/d8061f56-bebf-4904-9d45-93dd577cbecf.mp4
12098005,4k60,https://us-xpc5.xpccdn.com/d8f643d5-b012-4956-8773-df94d32cfc70.mp4
12098005,1080p60,https://us-xpc5.xpccdn.com/4ee2f3dd-dc49-4fad-9fe5-4ac661174921.mp4
12098005,720p,https://us-xpc5.xpccdn.com/69da424e-c5ff-428a-9b44-eab3057e8b80.mp4
12098005,360p,https://us-xpc5.xpccdn.com/69f1655b-4688-48ce-8215-21c8168c3375.mp4
11925056,1080p,https://us-xpc5.xpccdn.com/dadb634d-1a2a-47fc-921a-e813ea54e31c.mp4
11925056,720p,https://us-xpc5.xpccdn.com/6593f74e-6c0c-4a77-8275-64d3f28b20c1.mp4
11925056,360p,https://us-xpc5.xpccdn.com/f163c995-c5f8-48f6-af1c-d37080fd8968.mp4
12490722,1080p,https://us-xpc5.xpccdn.com/0b0f5ac4-9fde-4b6a-b51a-7706c5decbce.mp4
12490722,720p,https://us-xpc5.xpccdn.com/943b6e37-28b0-4b62-b210-36dccfd7ee4b.mp4
12490722,360p,https://us-xpc5.xpccdn.com/8e5e050c-13cc-4e77-8662-cc57b4c1d470.mp4
12081628,4k,https://us-xpc5.xpccdn.com/97f99c86-a48a-4dec-83cf-3c8a0b223e6f.mp4
12081628,1080p,https://us-xpc5.xpccdn.com/0bd21346-408a-437e-8a70-6aff1b588432.mp4
12081628,720p,https://us-xpc5.xpccdn.com/174aba86-d7c4-4cde-865b-8275061f0573.mp4
12081628,360p,https://us-xpc5.xpccdn.com/773cd3b0-cad5-4916-802d-3501c2621b75.mp4
11251104,1080p,https://us-xpc5.xpccdn.com/d492b822-8b62-4868-81d4-ecf1e0d1874a.mp4
11251104,720p,https://us-xpc5.xpccdn.com/6663c47f-2a4b-4567-a970-ac17b1f2c9dc.mp4
11251104,360p,https://us-xpc5.xpccdn.com/6fbd918c-e795-4445-93c1-a69bed6214f3.mp4
10659730,720p,https://tencent-xpc5.xpccdn.com/5e269cc22dfe6.mp4
10659730,360p,https://tencent-xpc5.xpccdn.com/5e269cc257c9f.mp4
10622431,720p,https://us-xpc5.xpccdn.com/5df73bda5fdc7.mp4
10622431,360p,https://us-xpc5.xpccdn.com/5df73bda98f6d.mp4
10331243,1080p,https://us-xpc11.xpccdn.com/5beb951738fa7.mp4
10331243,720p,https://us-xpc11.xpccdn.com/5beb951748c91.mp4
10331243,360p,https://us-xpc11.xpccdn.com/5beb951762cb2.mp4
11407343,1080p,https://us-xpc5.xpccdn.com/19639ecf-6896-4975-af7d-926392ac601e.mp4
11407343,720p,https://us-xpc5.xpccdn.com/0a3c486b-945e-4104-977d-4f1e893708f1.mp4
11407343,360p,https://us-xpc5.xpccdn.com/89aba8a9-72de-4d2e-afc7-ba7b9d0b295b.mp4
11733305,1080p,https://us-xpc5.xpccdn.com/e663c178-8a1d-4f83-bf25-cc68da567a01.mp4
11733305,720p,https://us-xpc5.xpccdn.com/7f0bb6aa-9cad-4402-90e3-56c9aa308fcf.mp4
11733305,360p,https://us-xpc5.xpccdn.com/51877863-0c58-4bb3-962a-a03e048b5b95.mp4
11853274,1080p,https://us-xpc5.xpccdn.com/8ebcc560-6683-41d1-9b84-8be7d42a2c62.mp4
11853274,720p,https://us-xpc5.xpccdn.com/476a5940-f672-4411-be25-cb4d4d7ee010.mp4
11853274,360p,https://us-xpc5.xpccdn.com/30ad93eb-6047-41fe-83cd-b414529e7144.mp4
12188563,2k,https://us-xpc5.xpccdn.com/c73095ae-6147-4014-ae07-e58643b4642a.mp4
12188563,1080p,https://us-xpc5.xpccdn.com/b5cda9d0-51ad-4f07-9bb9-efa31f49118f.mp4
12188563,720p,https://us-xpc5.xpccdn.com/24922dd9-fd6d-498d-aafe-ef3395ff0bd3.mp4
12188563,360p,https://us-xpc5.xpccdn.com/735c222a-398d-464c-8a81-345687e89bd6.mp4
11838428,1080p,https://us-xpc5.xpccdn.com/a351b6eb-f833-454e-b39c-4136c1a78609.mp4
11838428,720p,https://us-xpc5.xpccdn.com/1aa0d170-e275-463c-bcda-43d2b316140b.mp4
11838428,360p,https://us-xpc5.xpccdn.com/f2b8dbb4-9d27-4873-b382-6563c6a5c963.mp4
11136958,1080p,https://us-xpc5.xpccdn.com/30ad9f63-345a-4e90-94b7-9da0cd9f20f1.mp4
11136958,720p,https://us-xpc5.xpccdn.com/7b0adcae-bc87-4626-a665-e1c63f6941da.mp4
11136958,360p,https://us-xpc5.xpccdn.com/c5f1c206-55ea-4e3e-87c3-f2bfb8db2ef4.mp4
11329237,1080p,https://us-xpc5.xpccdn.com/eb534c56-0480-4172-b550-88622a910523.mp4
11329237,720p,https://us-xpc5.xpccdn.com/b60a8072-fc5c-48f5-9134-75f51c2e4f54.mp4
11329237,360p,https://us-xpc5.xpccdn.com/d184ebf9-09a1-4916-8911-8a8171373d93.mp4
11950425,1080p,https://us-xpc5.xpccdn.com/58f4573f-b443-408f-b02a-f015daacce20.mp4
11950425,720p,https://us-xpc5.xpccdn.com/5f7c260e-7019-40b0-b671-11313275651a.mp4
11950425,360p,https://us-xpc5.xpccdn.com/9f65faff-7c52-48b2-9b60-1db9ddc020df.mp4
12452539,4k,https://us-xpc5.xpccdn.com/51c62547-2c6b-4eed-b988-5358109df27f.mp4
12452539,1080p,https://us-xpc5.xpccdn.com/c40e568d-4c10-472e-9de4-84afbacc32a1.mp4
12452539,720p,https://us-xpc5.xpccdn.com/16314073-5a9b-4709-9e60-2733209bf301.mp4
12452539,360p,https://us-xpc5.xpccdn.com/693e1fc9-18c4-4fb9-8a89-18da86952321.mp4
11903815,1080p,https://us-xpc11.xpccdn.com/525f301b-1287-419b-961d-a9c0ce79a57a.mp4
11903815,720p,https://us-xpc11.xpccdn.com/2a5efdac-af86-40f8-ba6f-35f5edec9f77.mp4
11903815,360p,https://us-xpc11.xpccdn.com/848ac005-00fa-4a31-ab41-53cec5dc9e4d.mp4
12192484,1080p,https://us-xpc11.xpccdn.com/fc4fea1b-7d6b-4099-8eac-8fdb5ef45e61.mp4
12192484,720p,https://us-xpc11.xpccdn.com/8a526794-3e26-4455-9af2-fb9721516721.mp4
12192484,360p,https://us-xpc11.xpccdn.com/35893381-b66a-4675-ba1a-9a2027d89c81.mp4
11729684,1080p,https://us-xpc11.xpccdn.com/1c268dd6-9638-4173-b911-6224d96cc1ce.mp4
11729684,720p,https://us-xpc11.xpccdn.com/fc0aa274-79ad-482f-81a0-91fe5103069a.mp4
11729684,360p,https://us-xpc11.xpccdn.com/f8dfdb38-80ae-4600-9e0f-59569057b9bc.mp4
12410589,1080p,https://us-xpc11.xpccdn.com/bad8f3bc-2f6a-488d-8b5a-389f203b536c.mp4
12410589,720p,https://us-xpc11.xpccdn.com/e7f155ea-b064-4d8d-b0e4-a9a087f7eaa2.mp4
11463202,1080p,https://us-xpc5.xpccdn.com/d699f460-2f15-4387-bc7a-da17b017e722.mp4
11463202,720p,https://us-xpc5.xpccdn.com/a291735f-481b-43e3-90af-8539938a34d1.mp4
11463202,360p,https://us-xpc5.xpccdn.com/2a6cfda8-790a-4a0f-a1ef-5b42a117a069.mp4
12101789,4k,https://us-xpc5.xpccdn.com/a922332e-88dd-4d9e-8733-5d8c61734ddb.mp4
12101789,1080p,https://us-xpc5.xpccdn.com/14363345-2a19-4ce8-9f65-975ab9c8be63.mp4
12101789,720p,https://us-xpc5.xpccdn.com/9f1bb906-cdcf-4d65-bfea-0c3c9bacedab.mp4
12101789,360p,https://us-xpc5.xpccdn.com/fe2ade81-3067-4d32-8246-8542d9e07463.mp4
12121081,2k,https://us-xpc5.xpccdn.com/66a38930-dd96-4d0d-8492-bac7599ab421.mp4
12121081,1080p,https://us-xpc5.xpccdn.com/77a30480-c221-4618-a462-790cda905e3f.mp4
12121081,720p,https://us-xpc5.xpccdn.com/576a8478-0ac5-4509-9938-15cec93fe497.mp4
12121081,360p,https://us-xpc5.xpccdn.com/3eb4404f-2437-44bb-922f-041b6048234c.mp4
12452222,1080p,https://us-xpc5.xpccdn.com/9a1b15d4-6250-414a-a6de-572047055344.mp4
12452222,720p,https://us-xpc5.xpccdn.com/4f5593d0-4fdd-4dfb-9966-c11c2b8d9d69.mp4
12452222,360p,https://us-xpc5.xpccdn.com/f6e26122-f4b9-40bb-a5e2-27241de7900f.mp4
11361198,1080p,https://us-xpc5.xpccdn.com/e88f950a-c8e1-43aa-b7e7-65fd3ae58fb9.mp4
11361198,720p,https://us-xpc5.xpccdn.com/f11a5e0a-506f-404a-a69e-9d69ff05f6cf.mp4
11361198,360p,https://us-xpc5.xpccdn.com/8f3fdbf7-bcb0-4700-b1c7-e7e0cd1cfae8.mp4
12107651,1080p,https://us-xpc5.xpccdn.com/7b7fcf88-87a6-4cbe-8b9f-5b386043d3cb.mp4
12107651,720p,https://us-xpc5.xpccdn.com/51841b41-a5de-466c-b0b7-8c56170cf562.mp4
12107651,360p,https://us-xpc5.xpccdn.com/4dab3f33-f440-4ff8-833f-68b1f8a26bea.mp4
12505913,2k,https://us-xpc5.xpccdn.com/28c210e0-0ec1-4eb4-920c-8197cc1ce371/14e5dee0-3c75-404a-b0b0-178efcd2931e.mp4
12505913,1080p,https://us-xpc5.xpccdn.com/28c210e0-0ec1-4eb4-920c-8197cc1ce371/593c00c6-2ad2-4cfa-a5ff-5c5bf11075a3.mp4
12505913,720p,https://us-xpc5.xpccdn.com/28c210e0-0ec1-4eb4-920c-8197cc1ce371/a8f1196a-dcd7-44ac-b9d9-b6f0b689bb80.mp4
12505913,360p,https://us-xpc5.xpccdn.com/28c210e0-0ec1-4eb4-920c-8197cc1ce371/06878895-8164-4a56-808c-9e9a25f5ad16.mp4
12057966,1080p,https://us-xpc5.xpccdn.com/af8827f6-a88f-4769-a480-6db1fe9efe3b.mp4
12057966,720p,https://us-xpc5.xpccdn.com/03483ed6-42c6-4ebc-9606-b854c992a062.mp4
12057966,360p,https://us-xpc5.xpccdn.com/13bff6bb-f4f7-4491-98cd-1cdc7e229039.mp4
12168371,4k,https://us-xpc11.xpccdn.com/e9d4d9fa-a103-4f78-8d43-a725ad0ee18b.mp4
12168371,1080p,https://us-xpc11.xpccdn.com/42253a70-23b8-4aba-b86f-545d9abea1c0.mp4
12168371,720p,https://us-xpc11.xpccdn.com/ee1781db-7e17-404b-b280-45b9dcbefde9.mp4
12168371,360p,https://us-xpc11.xpccdn.com/4c72ddea-86e1-454c-8d6e-86b78b9e7d94.mp4
10718573,1080p,https://qiniu-video0.xpccdn.com/5b360141bc190.mp4
10718573,720p,https://qiniu-video0.xpccdn.com/5b360141ccfe2.mp4
10718573,360p,https://qiniu-video0.xpccdn.com/5b3601425957c.mp4
12307628,2k,https://us-xpc5.xpccdn.com/fc0f03a3-deb1-4e5f-bde4-0607ae2ae12d.mp4
12307628,1080p,https://us-xpc5.xpccdn.com/4cfded44-79a5-4846-ad1c-c8efbce27602.mp4
12307628,720p,https://us-xpc5.xpccdn.com/fa450041-ce0f-4bab-a391-783fa0be68c3.mp4
12307628,360p,https://us-xpc5.xpccdn.com/979f2e88-b15a-4cdf-828a-232fc1bc0d57.mp4
11866376,1080p,https://us-xpc5.xpccdn.com/33c35082-0f6e-4298-80c5-b93da4531719.mp4
11866376,720p,https://us-xpc5.xpccdn.com/3676e3f0-f501-404e-b4e1-c3ac3e35915e.mp4
11866376,360p,https://us-xpc5.xpccdn.com/2a7c60e3-2606-45e3-be06-7c503830ae89.mp4
12198935,4k,https://us-xpc11.xpccdn.com/d44ed2f4-e577-4b21-8063-313e8154d70b.mp4
12198935,1080p,https://us-xpc11.xpccdn.com/1058e873-e959-4aa4-a646-ae4b7de96586.mp4
12198935,720p,https://us-xpc11.xpccdn.com/2c918ef9-1fa0-454a-af95-f3faea68eeba.mp4
12198935,360p,https://us-xpc11.xpccdn.com/e2f64b64-0c14-4be8-aafa-70f05e39ac58.mp4
12405247,4k,https://us-xpc11.xpccdn.com/788928df-ade4-466a-b763-6c3b9d268d6b.mp4
12405247,1080p,https://us-xpc11.xpccdn.com/9f249e0a-eaf2-4fc1-9958-ed30860fbbaa.mp4
12405247,720p,https://us-xpc11.xpccdn.com/9db1686e-75de-4871-bdd1-1b1782025c12.mp4
12405247,360p,https://us-xpc11.xpccdn.com/664a4fff-45d1-4b33-8166-cfd65fce577c.mp4
12419374,2k,https://us-xpc5.xpccdn.com/251c01ff-5593-4606-9e9d-7c4272090d43.mp4
12419374,1080p,https://us-xpc5.xpccdn.com/b7975f03-3bc9-4f93-a777-bc472d37cccb.mp4
12419374,720p,https://us-xpc5.xpccdn.com/4ddd2eaf-ab7e-40b9-8fcf-83b347f56036.mp4
12419374,360p,https://us-xpc5.xpccdn.com/e89b9183-517b-4c66-890c-f6dd5c106aa5.mp4
12424675,4k,https://us-xpc5.xpccdn.com/1732f67d-5b42-4fd4-bc9c-05c69bb5a050.mp4
12424675,1080p,https://us-xpc5.xpccdn.com/38ddfced-78ca-41f7-b9f3-853946888d8a.mp4
12424675,720p,https://us-xpc5.xpccdn.com/03161c77-5fe8-4c53-bd92-5a8b21937b1b.mp4
12424675,360p,https://us-xpc5.xpccdn.com/ce2b94b3-4de2-4af2-b628-fccd594e64c4.mp4
11042454,1080p,https://us-xpc5.xpccdn.com/a1a329f4-0e10-496b-9266-fe069b29eea1.mp4
11042454,720p,https://us-xpc5.xpccdn.com/66b27b3c-3baa-462f-b5c2-6c35bbd3d3fb.mp4
11042454,360p,https://us-xpc5.xpccdn.com/e28b145d-4a9b-46da-8ae5-83c496b6f4f0.mp4
12282571,720p,https://us-xpc5.xpccdn.com/056eebfd-0bc9-4c30-b6d6-92ffe28cb456.mp4
12282571,360p,https://us-xpc5.xpccdn.com/917b20ab-f13d-4a64-ac9c-556d5bce61b0.mp4
12103795,4k,https://us-xpc5.xpccdn.com/0acd35d0-152b-40bc-bd8e-0fca994d01a6.mp4
12103795,1080p,https://us-xpc5.xpccdn.com/e9b60ef1-ae56-4fcb-a45c-5aac34dc2fbe.mp4
12103795,720p,https://us-xpc5.xpccdn.com/02ff1ba6-1b84-4068-9374-327f082c412c.mp4
12103795,360p,https://us-xpc5.xpccdn.com/aa5e4966-da57-4fda-82ef-d241d764b276.mp4
12192776,1080p,https://us-xpc11.xpccdn.com/d6e9af10-c657-4e48-847b-f53742f8974b.mp4
12192776,720p,https://us-xpc11.xpccdn.com/5700d074-9bd0-4b15-9bf2-f8b78a104490.mp4
12192776,360p,https://us-xpc11.xpccdn.com/5058a551-7d8e-42cf-972b-6caa2e793677.mp4
12326043,2k,https://us-xpc11.xpccdn.com/c13c1912-b891-4f12-94f5-cde0511c4ce8.mp4
12326043,1080p,https://us-xpc11.xpccdn.com/43fe9de2-218f-4625-9842-89b850f3bf2d.mp4
12326043,720p,https://us-xpc11.xpccdn.com/7d60b4ff-39a1-487b-9d72-8184eac322f6.mp4
12326043,360p,https://us-xpc11.xpccdn.com/9ce22cee-4caf-4f09-a274-960b8fb9b152.mp4
12401325,1080p,https://us-xpc5.xpccdn.com/a67c79c0-de62-49ab-a7f7-1f8798a23c37.mp4
12401325,720p,https://us-xpc5.xpccdn.com/b0f555c1-a6a3-419a-8106-280d3b261191.mp4
12401325,360p,https://us-xpc5.xpccdn.com/3bf76813-d430-478a-8ada-eaacf143e77b.mp4
10421887,1080p,https://us-xpc5.xpccdn.com/5cc024a26d936.mp4
10421887,720p,https://us-xpc5.xpccdn.com/5cc024a294942.mp4
10421887,360p,https://us-xpc5.xpccdn.com/5cc024a2cb7a7.mp4
12468087,4k,https://us-xpc5.xpccdn.com/b1e3d8c9-d192-4165-a0e7-eac61399c787.mp4
12468087,1080p,https://us-xpc5.xpccdn.com/13a4fe73-2da1-4fc8-80a8-0face107262d.mp4
12468087,720p,https://us-xpc5.xpccdn.com/c216247d-f6fb-4a95-9c9f-b3a602dc8fbc.mp4
12468087,360p,https://us-xpc5.xpccdn.com/31fd08d9-138d-4238-8071-8d06287dc6a7.mp4
11815373,1080p,https://us-xpc11.xpccdn.com/1f86ac9d-b01b-431f-9359-fb5ef02ef3fa.mp4
11533341,2k,https://us-xpc5.xpccdn.com/e510748e-601b-4d6f-bd61-44e52a1b2ae7.mp4
11533341,1080p,https://us-xpc5.xpccdn.com/d7bc5220-59e1-4ff1-b62d-379092ed11fa.mp4
11533341,720p,https://us-xpc5.xpccdn.com/3d5a66aa-357b-4b11-bc19-8ae8d5a047c1.mp4
11533341,360p,https://us-xpc5.xpccdn.com/2679952c-c808-4ea3-a8af-f4fc54610f98.mp4
12376050,4k,https://us-xpc5.xpccdn.com/06bac314-d299-4d63-8067-d1c1fda99eed.mp4
12376050,1080p,https://us-xpc5.xpccdn.com/0dd8f143-bcd0-489c-8103-92b874c90dec.mp4
12376050,720p,https://us-xpc5.xpccdn.com/594f0b05-8d42-4799-89ad-0f83e8076ff6.mp4
12376050,360p,https://us-xpc5.xpccdn.com/af5268e8-283d-40af-8a25-e028588461c7.mp4
11714797,4k,https://us-xpc5.xpccdn.com/7f513177-21b6-473d-b72b-497cb1078df1.mp4
11714797,1080p,https://us-xpc5.xpccdn.com/cddac360-f891-4630-881e-f90a8e1b897c.mp4
11714797,720p,https://us-xpc5.xpccdn.com/b5386cbe-3514-4472-a02e-46b832edebea.mp4
11714797,360p,https://us-xpc5.xpccdn.com/c7bfde40-23ec-48d1-8ba5-4bdb688384c5.mp4
12127847,4k,https://us-xpc5.xpccdn.com/a240cf2e-0612-4fb8-be75-f965189c9f7d.mp4
12127847,1080p,https://us-xpc5.xpccdn.com/10d774bf-9138-4c12-8276-ff6b2acba2d3.mp4
12127847,720p,https://us-xpc5.xpccdn.com/86e958b8-0154-46a2-a910-15e67109ca93.mp4
12127847,360p,https://us-xpc5.xpccdn.com/c48551ef-c8ab-4327-9eb1-1f75df69294a.mp4
12350318,4k,https://us-xpc5.xpccdn.com/6c91faa2-b562-430d-9c52-363dd96f23e5.mp4
12350318,1080p,https://us-xpc5.xpccdn.com/e26301be-c6a7-4f9e-867d-177d15a405c2.mp4
12350318,720p,https://us-xpc5.xpccdn.com/342cd1ed-2630-48f9-9b11-00c8f3a23ea3.mp4
12350318,360p,https://us-xpc5.xpccdn.com/f701177e-0d28-4d7a-b53f-9f5444d66e6d.mp4
12368701,4k,https://us-xpc11.xpccdn.com/87c26c3d-8939-478b-a47f-1abef7484653.mp4
12368701,1080p,https://us-xpc11.xpccdn.com/0b7dd61d-87a5-4f09-94f0-264eecc8310c.mp4
12368701,720p,https://us-xpc11.xpccdn.com/114c3e5c-1269-4601-bb1d-6b2d1090decd.mp4
12368701,360p,https://us-xpc11.xpccdn.com/1c763d7a-7a4d-454b-b8fa-41125a0262b8.mp4
12318858,1080p,https://us-xpc11.xpccdn.com/eb1d1e45-829d-483b-a7bf-2dc6b0cd3a13.mp4
12318858,720p,https://us-xpc11.xpccdn.com/065ded21-ec85-4cb4-8ca2-15bb9e0cc1d5.mp4
12318858,360p,https://us-xpc11.xpccdn.com/51791bc9-4cfa-4471-8291-62b648cc0d0a.mp4
10367156,720p,https://tencent-xpc5.xpccdn.com/5c456b9d71775.mp4
10367156,360p,https://tencent-xpc5.xpccdn.com/5c456b9e213a8.mp4
12022590,1080p,https://us-xpc5.xpccdn.com/d1eb2089-4231-44e4-be38-becaa0f9efde.mp4
12022590,720p,https://us-xpc5.xpccdn.com/47486e64-b6b9-497c-8049-ddb1b3c6c569.mp4
11851663,1080p,https://us-xpc5.xpccdn.com/e5efc8b6-c737-4109-8305-84a5539d9f0c.mp4
11851663,720p,https://us-xpc5.xpccdn.com/78929580-2c19-4dc7-9dfd-539c2f682297.mp4
11851663,360p,https://us-xpc5.xpccdn.com/9af47483-0287-48ff-b22b-4058640bd952.mp4
12325445,1080p,https://us-xpc5.xpccdn.com/5b288382-8837-4851-bce1-04bc186f3fb5.mp4
12325445,720p,https://us-xpc5.xpccdn.com/d6501793-4aca-4c7c-af7a-e1a6c73f244d.mp4
12325445,360p,https://us-xpc5.xpccdn.com/d700d2e5-cdb6-4608-a545-b02810b70a60.mp4
12389936,2k,https://us-xpc11.xpccdn.com/25d47166-0326-4515-8f4b-b52eeb703d37.mp4
12389936,1080p,https://us-xpc11.xpccdn.com/0c3e24f9-c4bd-4108-b3b4-6b6f39d5c509.mp4
12389936,720p,https://us-xpc11.xpccdn.com/40f3c8b5-3db1-48f9-a7f7-8251422f82e6.mp4
12389936,360p,https://us-xpc11.xpccdn.com/0a0d40fc-5a8f-4cda-b0c2-f3ca6b72aa8b.mp4
12379264,1080p60,https://us-xpc5.xpccdn.com/0c25cfe9-1ad4-4dde-96ae-469f85bf788d.mp4
12379264,720p,https://us-xpc5.xpccdn.com/452dfeb4-976b-4001-b18d-1de506dd1161.mp4
12379264,360p,https://us-xpc5.xpccdn.com/35030e6f-0ef2-4215-b76b-516586edd68b.mp4
11263627,4k,https://us-xpc11.xpccdn.com/02870f53-e252-41e0-9bca-1203792105f6.mp4
11263627,1080p,https://us-xpc11.xpccdn.com/f6239600-4136-4424-ae5e-74130f96e8da.mp4
11263627,720p,https://us-xpc11.xpccdn.com/d9dc5b0f-02b6-4882-b2f4-cac437c04ae5.mp4
11263627,360p,https://us-xpc11.xpccdn.com/d29cb88b-1890-40e3-963d-a8615e7276b2.mp4
11974853,2k,https://us-xpc5.xpccdn.com/73c022a1-8ce1-4752-8953-af7053f39678.mp4
11974853,1080p,https://us-xpc5.xpccdn.com/622ea772-c984-4327-a597-564f1c2cbc64.mp4
11974853,720p,https://us-xpc5.xpccdn.com/f17f3c8b-728f-4515-b4ea-01f0b10d2601.mp4
11974853,360p,https://us-xpc5.xpccdn.com/79974926-be06-4b98-9c80-146a227ad362.mp4
11962983,4k,https://us-xpc5.xpccdn.com/19ed44fc-4c8b-4aea-957c-075dd29607ab.mp4
11962983,1080p,https://us-xpc5.xpccdn.com/600ca43d-861f-480d-b329-b0c153f31e31.mp4
11962983,720p,https://us-xpc5.xpccdn.com/ee7801a2-186e-4b4f-baf9-2c6d81766cb4.mp4
11962983,360p,https://us-xpc5.xpccdn.com/19073d6e-85d5-444d-94fa-8d29da3bde1f.mp4
12265649,1080p,https://us-xpc5.xpccdn.com/18a7da39-8997-49ce-a300-a4aa9e38ee0d.mp4
12265649,720p,https://us-xpc5.xpccdn.com/5e269cab-11f3-4d71-af18-6619556a5c6d.mp4
12265649,360p,https://us-xpc5.xpccdn.com/ef1d802b-66b8-40f2-98ed-f092c001de4c.mp4
12482008,4k,https://us-xpc5.xpccdn.com/bac35de7-87b7-44ac-aba6-8f64d4163467.mp4
12482008,1080p,https://us-xpc5.xpccdn.com/e526f5f6-2e5f-4b04-80e2-116038f1ea4b.mp4
12482008,720p,https://us-xpc5.xpccdn.com/ee68db40-2e58-4e13-8523-4aa8727f32c6.mp4
12482008,360p,https://us-xpc5.xpccdn.com/1239aaad-83b7-4b64-8c53-3618c954dede.mp4
11508095,1080p,https://us-xpc11.xpccdn.com/fd18bc17-9df8-48e3-8a3d-dd298ed86d86.mp4
11508095,720p,https://us-xpc11.xpccdn.com/be93578e-e4f9-424c-87c8-93aac9041bee.mp4
11508095,360p,https://us-xpc11.xpccdn.com/76ef8dc5-e2d2-4c84-904a-64a986f5a6ca.mp4
12049319,1080p,https://us-xpc5.xpccdn.com/7f3500ca-e34d-4b0d-aa62-881ae09cfed7.mp4
12049319,720p,https://us-xpc5.xpccdn.com/6d39a77e-e738-4b0b-a0d3-6c4a6d5eaaac.mp4
12049319,360p,https://us-xpc5.xpccdn.com/f9587015-31f3-4647-8cde-fbaa6801354e.mp4
12443059,1080p,https://us-xpc5.xpccdn.com/348c046f-80ce-4301-a538-98f196e0532a.mp4
12443059,720p,https://us-xpc5.xpccdn.com/a94b833f-f876-46f1-b317-836e9c8077e6.mp4
12443059,360p,https://us-xpc5.xpccdn.com/b69fc056-ec1d-44a9-aaf8-ca1b458f55f8.mp4
12340450,1080p,https://us-xpc5.xpccdn.com/4110dbcd-10fe-4bed-a7ce-8bc104a7e4d2.mp4
12340450,720p,https://us-xpc5.xpccdn.com/b45ae241-26fa-4f06-b2e3-507485d37fab.mp4
12340450,360p,https://us-xpc5.xpccdn.com/df4a08b6-45e4-4219-b5e4-536c43f5f664.mp4
